event_id,event_date,eligible_180d,first_m7plus_id,first_m7plus_date,days_after_sighting,within_1d,within_7d,within_90d,within_180d
OF0001,1980-02-07,1,usp00015mw,1980-02-23,16,0,0,1,1
OF0002,1980-05-16,1,usp00018r3,1980-07-08,53,0,0,1,1
OF0003,1981-01-01,1,usp0001byq,1981-01-30,29,0,0,1,1
OF0004,1981-02-14,1,usp0001dv1,1981-05-25,100,0,0,0,1
OF0005,1981-03-19,1,usp0001dv1,1981-05-25,67,0,0,1,1
OF0006,1982-02-05,1,usp0001mrg,1982-06-07,122,0,0,0,1
OF0007,1982-02-25,1,usp0001mrg,1982-06-07,102,0,0,0,1
OF0008,1982-08-10,1,usp0001rj6,1982-12-19,131,0,0,0,1
OF0009,1982-08-15,1,usp0001rj6,1982-12-19,126,0,0,0,1
OF0010,1982-11-01,1,usp0001rj6,1982-12-19,48,0,0,1,1
OF0011,1983-02-18,1,usp0001tr1,1983-03-18,28,0,0,1,1
OF0012,1983-02-24,1,usp0001tr1,1983-03-18,22,0,0,1,1
OF0013,1983-08-24,1,usp0001ytj,1983-10-04,41,0,0,1,1
OF0014,1983-10-20,1,usp0001z5e,1983-10-22,2,0,1,1,1
OF0015,1983-10-20,1,usp0001z5e,1983-10-22,2,0,1,1,1
OF0016,1983-11-06,1,usp000200r,1983-11-24,18,0,0,1,1
OF0017,1983-11-06,1,usp000200r,1983-11-24,18,0,0,1,1
OF0018,1984-02-04,1,usp00021u7,1984-02-07,3,0,1,1,1
OF0019,1984-11-01,1,usp00028pr,1984-11-01,0,1,1,1,1
OF0020,1985-02-09,1,usp0002ccz,1985-03-03,22,0,0,1,1
OF0021,1985-02-19,1,usp0002ccz,1985-03-03,12,0,0,1,1
OF0022,1985-04-02,1,usp0002dm4,1985-04-09,7,0,1,1,1
OF0023,1985-06-16,1,usp0002gc3,1985-07-03,17,0,0,1,1
OF0024,1986-01-24,1,usp0002tcb,1986-04-30,96,0,0,0,1
OF0025,1986-05-21,1,usp0002uf4,1986-05-26,5,0,1,1,1
OF0026,1986-09-21,1,usp0002z3j,1986-10-20,29,0,0,1,1
OF0027,1987-08-18,1,usp000381s,1987-09-03,16,0,0,1,1
OF0028,1988-05-28,1,usp0003j4t,1988-07-23,56,0,0,1,1
OF0029,1988-09-15,1,usp0003mmh,1988-10-08,23,0,0,1,1
OF0030,1988-09-20,1,usp0003mmh,1988-10-08,18,0,0,1,1
OF0031,1988-09-28,1,usp0003mmh,1988-10-08,10,0,0,1,1
OF0032,1989-04-14,1,usp0003uxu,1989-05-05,21,0,0,1,1
OF0033,1989-05-02,1,usp0003uxu,1989-05-05,3,0,1,1,1
OF0034,1989-06-10,1,ak989bcpkhdo,1989-09-04,86,0,0,1,1
OF0035,1989-07-04,1,ak989bcpkhdo,1989-09-04,62,0,0,1,1
OF0036,1989-07-30,1,ak989bcpkhdo,1989-09-04,36,0,0,1,1
OF0037,1989-10-16,1,usp00041kg,1989-11-01,16,0,0,1,1
OF0038,1990-01-28,1,usp000464d,1990-03-03,34,0,0,1,1
OF0039,1990-02-07,1,usp000464d,1990-03-03,24,0,0,1,1
OF0040,1990-03-23,1,usp0004720,1990-03-25,2,0,1,1,1
OF0041,1990-06-27,1,usp0004bxs,1990-07-16,19,0,0,1,1
OF0042,1990-07-08,1,usp0004bxs,1990-07-16,8,0,0,1,1
OF0043,1990-07-18,1,usp0004cm6,1990-07-27,9,0,0,1,1
OF0044,1990-07-19,1,usp0004cm6,1990-07-27,8,0,0,1,1
OF0045,1990-07-19,1,usp0004cm6,1990-07-27,8,0,0,1,1
OF0046,1990-07-31,1,usp0004dad,1990-08-12,12,0,0,1,1
OF0047,1990-10-03,1,usp0004fv5,1990-10-17,14,0,0,1,1
OF0048,1990-11-26,1,usp0004k00,1990-12-30,34,0,0,1,1
OF0049,1990-12-07,1,usp0004k00,1990-12-30,23,0,0,1,1
OF0050,1991-12-28,1,nc269151,1992-04-25,119,0,0,0,1
OF0051,1992-01-13,1,nc269151,1992-04-25,103,0,0,0,1
OF0052,1992-01-17,1,nc269151,1992-04-25,99,0,0,0,1
OF0053,1992-01-31,1,nc269151,1992-04-25,85,0,0,1,1
OF0054,1992-07-02,1,usp0005ap1,1992-07-11,9,0,0,1,1
OF0055,1992-07-18,1,usp0005cq0,1992-08-19,32,0,0,1,1
OF0056,1992-11-06,1,usp0005j5a,1992-12-12,36,0,0,1,1
OF0057,1992-12-01,1,usp0005j5a,1992-12-12,11,0,0,1,1
OF0058,1992-12-09,1,usp0005j5a,1992-12-12,3,0,1,1,1
OF0059,1993-01-04,1,usp0005ktj,1993-01-15,11,0,0,1,1
OF0060,1993-01-09,1,usp0005ktj,1993-01-15,6,0,1,1,1
OF0061,1993-01-12,1,usp0005ktj,1993-01-15,3,0,1,1,1
OF0062,1993-01-16,1,usp0005p26,1993-03-06,49,0,0,1,1
OF0063,1993-01-30,1,usp0005p26,1993-03-06,35,0,0,1,1
OF0064,1993-03-24,1,usp0005sm4,1993-05-11,48,0,0,1,1
OF0065,1993-10-29,1,usp00063mj,1993-11-13,15,0,0,1,1
OF0066,1993-12-17,1,usp00065sh,1993-12-29,12,0,0,1,1
OF0067,1994-04-13,1,usp0006djk,1994-06-02,50,0,0,1,1
OF0068,1994-05-24,1,usp0006djk,1994-06-02,9,0,0,1,1
OF0069,1994-07-10,1,usp0006fjg,1994-07-13,3,0,1,1,1
OF0070,1994-07-13,1,usp0006fjg,1994-07-13,0,1,1,1,1
OF0071,1994-07-19,1,usp0006fyv,1994-07-21,2,0,1,1,1
OF0072,1995-01-21,1,usp0006sef,1995-02-05,15,0,0,1,1
OF0073,1995-03-31,1,usp0006vb3,1995-04-07,7,0,1,1,1
OF0074,1995-05-17,1,usp0006y50,1995-05-27,10,0,0,1,1
OF0075,1995-08-12,1,usp00071w4,1995-08-16,4,0,1,1,1
OF0076,1995-09-12,1,usp00073c5,1995-09-14,2,0,1,1,1
OF0077,1995-09-20,1,usp00074c4,1995-10-03,13,0,0,1,1
OF0078,1995-10-10,1,usp00075bd,1995-10-18,8,0,0,1,1
OF0079,1995-10-12,1,usp00075bd,1995-10-18,6,0,1,1,1
OF0080,1995-10-18,1,usp00075bd,1995-10-18,0,1,1,1,1
OF0081,1995-11-07,1,usp0007788,1995-11-22,15,0,0,1,1
OF0082,1996-01-20,1,usp0007chh,1996-02-07,18,0,0,1,1
OF0083,1996-01-28,1,usp0007chh,1996-02-07,10,0,0,1,1
OF0084,1996-04-21,1,usp0007gqq,1996-04-29,8,0,0,1,1
OF0085,1996-06-19,1,usp0007me1,1996-07-22,33,0,0,1,1
OF0086,1996-09-19,1,usp0007swp,1996-11-12,54,0,0,1,1
OF0087,1996-09-19,1,usp0007swp,1996-11-12,54,0,0,1,1
OF0088,1996-09-24,1,usp0007swp,1996-11-12,49,0,0,1,1
OF0089,1996-09-26,1,usp0007swp,1996-11-12,47,0,0,1,1
OF0090,1996-09-26,1,usp0007swp,1996-11-12,47,0,0,1,1
OF0091,1997-10-26,1,usp00089q2,1997-10-28,2,0,1,1,1
OF0092,1997-10-26,1,usp00089q2,1997-10-28,2,0,1,1,1
OF0093,1997-10-26,1,usp00089q2,1997-10-28,2,0,1,1,1
OF0094,1998-01-21,1,usp0008f7c,1998-01-30,9,0,0,1,1
OF0095,1998-01-22,1,usp0008f7c,1998-01-30,8,0,0,1,1
OF0096,1998-07-09,1,usp0008rm2,1998-07-16,7,0,1,1,1
OF0097,1998-07-28,1,usp0008ssb,1998-08-04,7,0,1,1,1
OF0098,1998-09-13,1,usp0008xw8,1998-11-09,57,0,0,1,1
OF0099,1999-02-11,1,usp00093u0,1999-03-04,21,0,0,1,1
OF0100,1999-02-18,1,usp00093u0,1999-03-04,14,0,0,1,1
OF0101,1999-04-14,1,usp00097rj,1999-05-10,26,0,0,1,1
OF0102,1999-04-23,1,usp00097rj,1999-05-10,17,0,0,1,1
OF0103,1999-04-23,1,usp00097rj,1999-05-10,17,0,0,1,1
OF0104,1999-07-06,1,usp0009d4z,1999-08-17,42,0,0,1,1
OF0105,1999-12-01,1,ak999fmohlzt,1999-12-06,5,0,1,1,1
OF0106,2000-01-09,1,usp0009nxg,2000-02-25,47,0,0,1,1
OF0107,2000-01-22,1,usp0009nxg,2000-02-25,34,0,0,1,1
OF0108,2000-05-21,1,usp0009txv,2000-06-04,14,0,0,1,1
OF0109,2000-09-28,1,usp000a18v,2000-10-04,6,0,1,1,1
OF0110,2000-11-27,1,usp000a5m7,2000-12-06,9,0,0,1,1
OF0111,2000-12-07,1,usp000a70h,2001-01-01,25,0,0,1,1
OF0112,2001-01-18,1,usp000a8ds,2001-01-26,8,0,0,1,1
OF0113,2001-01-21,1,usp000a8ds,2001-01-26,5,0,1,1,1
OF0114,2001-04-02,1,usp000afyg,2001-06-03,62,0,0,1,1
OF0115,2001-05-21,1,usp000afyg,2001-06-03,13,0,0,1,1
OF0116,2001-06-05,1,official20010623203314130_33,2001-06-23,18,0,0,1,1
OF0117,2001-06-16,1,official20010623203314130_33,2001-06-23,7,0,1,1,1
OF0118,2001-06-17,1,official20010623203314130_33,2001-06-23,6,0,1,1,1
OF0119,2001-07-25,1,usp000amsn,2001-08-21,27,0,0,1,1
OF0120,2001-11-16,1,usp000aufx,2001-12-12,26,0,0,1,1
OF0121,2002-01-24,1,usp000azhc,2002-03-03,38,0,0,1,1
OF0122,2002-05-12,1,usp000b73z,2002-06-28,47,0,0,1,1
OF0123,2002-05-17,1,usp000b73z,2002-06-28,42,0,0,1,1
OF0124,2002-05-22,1,usp000b73z,2002-06-28,37,0,0,1,1
OF0125,2002-06-08,1,usp000b73z,2002-06-28,20,0,0,1,1
OF0126,2002-07-05,1,usp000ba6g,2002-08-19,45,0,0,1,1
OF0127,2002-07-15,1,usp000ba6g,2002-08-19,35,0,0,1,1
OF0128,2002-07-17,1,usp000ba6g,2002-08-19,33,0,0,1,1
OF0129,2002-07-19,1,usp000ba6g,2002-08-19,31,0,0,1,1
OF0130,2002-07-24,1,usp000ba6g,2002-08-19,26,0,0,1,1
OF0131,2002-07-26,1,usp000ba6g,2002-08-19,24,0,0,1,1
OF0132,2002-08-01,1,usp000ba6g,2002-08-19,18,0,0,1,1
OF0133,2002-12-17,1,usp000bnvq,2003-01-20,34,0,0,1,1
OF0134,2003-02-08,1,usp000bsvs,2003-03-17,37,0,0,1,1
OF0135,2003-02-20,1,usp000bsvs,2003-03-17,25,0,0,1,1
OF0136,2003-05-15,1,usp000by66,2003-05-26,11,0,0,1,1
OF0137,2003-05-15,1,usp000by66,2003-05-26,11,0,0,1,1
OF0138,2003-05-17,1,usp000by66,2003-05-26,9,0,0,1,1
OF0139,2003-05-22,1,usp000by66,2003-05-26,4,0,1,1,1
OF0140,2003-11-27,1,usp000cg90,2003-12-27,30,0,0,1,1
OF0141,2004-01-11,1,usp000ckg7,2004-02-05,25,0,0,1,1
OF0142,2004-06-04,1,usp000d06s,2004-07-15,41,0,0,1,1
OF0143,2004-06-05,1,usp000d06s,2004-07-15,40,0,0,1,1
OF0144,2004-06-05,1,usp000d06s,2004-07-15,40,0,0,1,1
OF0145,2004-06-06,1,usp000d06s,2004-07-15,39,0,0,1,1
OF0146,2004-10-25,1,usp000d85g,2004-11-11,17,0,0,1,1
OF0147,2004-10-27,1,usp000d85g,2004-11-11,15,0,0,1,1
OF0148,2004-12-09,1,usp000db93,2004-12-23,14,0,0,1,1
OF0149,2005-01-23,1,usp000dfj2,2005-02-05,13,0,0,1,1
OF0150,2005-03-07,1,official20050328160936530_30,2005-03-28,21,0,0,1,1
OF0151,2005-07-30,1,usp000dxe2,2005-08-16,17,0,0,1,1
OF0152,2005-10-11,1,usp000e462,2005-11-14,34,0,0,1,1
OF0153,2006-01-03,1,usp000e8ys,2006-01-27,24,0,0,1,1
OF0154,2006-02-23,1,usp000ef1h,2006-04-20,56,0,0,1,1
OF0155,2006-02-26,1,usp000ef1h,2006-04-20,53,0,0,1,1
OF0156,2006-03-21,1,usp000ef1h,2006-04-20,30,0,0,1,1
OF0157,2006-04-12,1,usp000ef1h,2006-04-20,8,0,0,1,1
OF0158,2006-04-17,1,usp000ef1h,2006-04-20,3,0,1,1,1
OF0159,2006-06-17,1,usp000ensm,2006-07-17,30,0,0,1,1
OF0160,2006-06-18,1,usp000ensm,2006-07-17,29,0,0,1,1
OF0161,2006-06-29,1,usp000ensm,2006-07-17,18,0,0,1,1
OF0162,2006-08-08,1,usp000erc2,2006-08-20,12,0,0,1,1
OF0163,2006-08-16,1,usp000erc2,2006-08-20,4,0,1,1,1
OF0164,2007-01-20,1,usp000f34b,2007-01-21,1,1,1,1,1
OF0165,2007-01-20,1,usp000f34b,2007-01-21,1,1,1,1,1
OF0166,2007-01-20,1,usp000f34b,2007-01-21,1,1,1,1,1
OF0167,2007-02-02,1,usp000f7b4,2007-03-25,51,0,0,1,1
OF0168,2007-03-24,1,usp000f7b4,2007-03-25,1,1,1,1,1
OF0169,2007-04-29,1,usp000fhm9,2007-08-01,94,0,0,0,1
OF0170,2007-05-11,1,usp000fhm9,2007-08-01,82,0,0,1,1
OF0171,2007-07-31,1,usp000fhm9,2007-08-01,1,1,1,1,1
OF0172,2007-10-05,1,usp000frnh,2007-10-31,26,0,0,1,1
OF0173,2007-10-29,1,usp000frnh,2007-10-31,2,0,1,1,1
OF0174,2007-11-05,1,usp000fshy,2007-11-14,9,0,0,1,1
OF0175,2007-12-07,1,usp000fu3q,2007-12-09,2,0,1,1,1
OF0176,2008-05-23,1,usp000gazv,2008-06-30,38,0,0,1,1
OF0177,2009-01-22,1,usp000gtnc,2009-02-11,20,0,0,1,1
OF0178,2009-02-01,1,usp000gtnc,2009-02-11,10,0,0,1,1
OF0179,2009-02-24,1,usp000gv5p,2009-03-19,23,0,0,1,1
OF0180,2009-02-27,1,usp000gv5p,2009-03-19,20,0,0,1,1
OF0181,2009-05-06,1,usp000gxkj,2009-05-28,22,0,0,1,1
OF0182,2009-05-18,1,usp000gxkj,2009-05-28,10,0,0,1,1
OF0183,2009-05-19,1,usp000gxkj,2009-05-28,9,0,0,1,1
OF0184,2009-05-19,1,usp000gxkj,2009-05-28,9,0,0,1,1
OF0185,2009-05-19,1,usp000gxkj,2009-05-28,9,0,0,1,1
OF0186,2009-06-16,1,usp000gz8j,2009-07-15,29,0,0,1,1
OF0187,2009-08-07,1,usp000h04j,2009-08-09,2,0,1,1,1
OF0188,2009-11-23,1,usp000h5np,2010-01-03,41,0,0,1,1
OF0189,2009-11-27,1,usp000h5np,2010-01-03,37,0,0,1,1
OF0190,2009-12-01,1,usp000h5np,2010-01-03,33,0,0,1,1
OF0191,2009-12-04,1,usp000h5np,2010-01-03,30,0,0,1,1
OF0192,2010-01-04,1,usp000h60h,2010-01-12,8,0,0,1,1
OF0193,2010-02-20,1,usp000h7qu,2010-02-26,6,0,1,1,1
OF0194,2010-02-25,1,usp000h7qu,2010-02-26,1,1,1,1,1
OF0195,2010-03-14,1,ci14607652,2010-04-04,21,0,0,1,1
OF0196,2010-03-14,1,ci14607652,2010-04-04,21,0,0,1,1
OF0197,2010-03-23,1,ci14607652,2010-04-04,12,0,0,1,1
OF0198,2010-03-24,1,ci14607652,2010-04-04,11,0,0,1,1
OF0199,2010-03-31,1,ci14607652,2010-04-04,4,0,1,1,1
OF0200,2010-04-01,1,ci14607652,2010-04-04,3,0,1,1,1
OF0201,2010-04-01,1,ci14607652,2010-04-04,3,0,1,1,1
OF0202,2010-04-08,1,usp000hchk,2010-05-09,31,0,0,1,1
OF0203,2010-04-09,1,usp000hchk,2010-05-09,30,0,0,1,1
OF0204,2010-04-10,1,usp000hchk,2010-05-09,29,0,0,1,1
OF0205,2010-04-25,1,usp000hchk,2010-05-09,14,0,0,1,1
OF0206,2010-05-08,1,usp000hchk,2010-05-09,1,1,1,1,1
OF0207,2010-07-01,1,usp000hfku,2010-07-18,17,0,0,1,1
OF0208,2010-08-06,1,usp000hhuc,2010-08-10,4,0,1,1,1
OF0209,2010-10-07,1,usp000hnj4,2010-10-25,18,0,0,1,1
OF0210,2010-11-28,1,usp000hr97,2010-12-21,23,0,0,1,1
OF0211,2011-01-18,1,usp000htb4,2011-01-18,0,1,1,1,1
OF0212,2011-01-18,1,usp000htb4,2011-01-18,0,1,1,1,1
OF0213,2011-01-19,1,usp000hvhj,2011-03-09,49,0,0,1,1
OF0214,2011-02-15,1,usp000hvhj,2011-03-09,22,0,0,1,1
OF0215,2011-04-20,1,usp000j3mq,2011-06-24,65,0,0,1,1
OF0216,2011-04-21,1,usp000j3mq,2011-06-24,64,0,0,1,1
OF0217,2011-04-21,1,usp000j3mq,2011-06-24,64,0,0,1,1
OF0218,2011-04-21,1,usp000j3mq,2011-06-24,64,0,0,1,1
OF0219,2011-04-21,1,usp000j3mq,2011-06-24,64,0,0,1,1
OF0220,2011-04-21,1,usp000j3mq,2011-06-24,64,0,0,1,1
OF0221,2011-04-21,1,usp000j3mq,2011-06-24,64,0,0,1,1
OF0222,2011-04-22,1,usp000j3mq,2011-06-24,63,0,0,1,1
OF0223,2011-05-16,1,usp000j3mq,2011-06-24,39,0,0,1,1
OF0224,2011-05-16,1,usp000j3mq,2011-06-24,39,0,0,1,1
OF0225,2011-05-30,1,usp000j3mq,2011-06-24,25,0,0,1,1
OF0226,2011-06-30,1,usp000j48h,2011-07-06,6,0,1,1,1
OF0227,2011-07-07,1,usp000j4gp,2011-07-10,3,0,1,1,1
OF0228,2011-09-22,1,usp000j9nm,2011-10-21,29,0,0,1,1
OF0229,2011-09-28,1,usp000j9nm,2011-10-21,23,0,0,1,1
OF0230,2011-11-11,1,usp000jc5z,2011-12-14,33,0,0,1,1
OF0231,2011-11-11,1,usp000jc5z,2011-12-14,33,0,0,1,1
OF0232,2011-11-26,1,usp000jc5z,2011-12-14,18,0,0,1,1
OF0233,2011-12-09,1,usp000jc5z,2011-12-14,5,0,1,1,1
OF0234,2012-04-26,1,usp000jq9h,2012-08-14,110,0,0,0,1
OF0235,2012-06-01,1,usp000jq9h,2012-08-14,74,0,0,1,1
OF0236,2012-06-01,1,usp000jq9h,2012-08-14,74,0,0,1,1
OF0237,2012-07-24,1,usp000jq9h,2012-08-14,21,0,0,1,1
OF0238,2012-08-31,1,usp000jr83,2012-08-31,0,1,1,1,1
OF0239,2012-08-31,1,usp000jr83,2012-08-31,0,1,1,1,1
OF0240,2012-09-04,1,usp000jrsw,2012-09-05,1,1,1,1,1
OF0241,2012-11-22,1,usp000jwjn,2012-12-07,15,0,0,1,1
OF0242,2012-11-25,1,usp000jwjn,2012-12-07,12,0,0,1,1
OF0243,2013-01-01,1,ak0138esnzr,2013-01-05,4,0,1,1,1
OF0244,2013-01-04,1,ak0138esnzr,2013-01-05,1,1,1,1,1
OF0245,2013-01-08,1,usc000f1s0,2013-02-06,29,0,0,1,1
OF0246,2013-01-22,1,usc000f1s0,2013-02-06,15,0,0,1,1
OF0247,2013-02-03,1,usc000f1s0,2013-02-06,3,0,1,1,1
OF0248,2013-02-26,1,usb000g13s,2013-04-06,39,0,0,1,1
OF0249,2013-06-12,1,usb000i89z,2013-07-07,25,0,0,1,1
OF0250,2013-10-13,1,usb000kdb4,2013-10-15,2,0,1,1,1
OF0251,2013-10-18,1,usc000kn4n,2013-10-25,7,0,1,1,1
OF0252,2013-12-17,1,usc000nzvd,2014-04-01,105,0,0,0,1
OF0253,2013-12-24,1,usc000nzvd,2014-04-01,98,0,0,0,1
OF0254,2014-01-11,1,usc000nzvd,2014-04-01,80,0,0,1,1
OF0255,2014-01-17,1,usc000nzvd,2014-04-01,74,0,0,1,1
OF0256,2014-01-20,1,usc000nzvd,2014-04-01,71,0,0,1,1
OF0257,2014-01-20,1,usc000nzvd,2014-04-01,71,0,0,1,1
OF0258,2014-01-29,1,usc000nzvd,2014-04-01,62,0,0,1,1
OF0259,2014-02-03,1,usc000nzvd,2014-04-01,57,0,0,1,1
OF0260,2014-02-14,1,usc000nzvd,2014-04-01,46,0,0,1,1
OF0261,2014-04-06,1,usc000pft9,2014-04-11,5,0,1,1,1
OF0262,2014-04-07,1,usc000pft9,2014-04-11,4,0,1,1,1
OF0263,2014-06-26,1,usb000sk6k,2014-10-09,105,0,0,0,1
OF0264,2014-08-09,1,usb000sk6k,2014-10-09,61,0,0,1,1
OF0265,2014-10-15,1,usc000stdc,2014-11-01,17,0,0,1,1
OF0266,2014-10-16,1,usc000stdc,2014-11-01,16,0,0,1,1
OF0267,2014-10-22,1,usc000stdc,2014-11-01,10,0,0,1,1
OF0268,2014-11-18,1,usb000tp5q,2015-02-13,87,0,0,1,1
OF0269,2014-11-27,1,usb000tp5q,2015-02-13,78,0,0,1,1
OF0270,2015-01-07,1,usb000tp5q,2015-02-13,37,0,0,1,1
OF0271,2015-04-16,1,us20002926,2015-04-25,9,0,0,1,1
OF0272,2015-06-01,1,us20002qn7,2015-06-17,16,0,0,1,1
OF0273,2015-09-14,1,us20003k7a,2015-09-16,2,0,1,1,1
OF0274,2015-12-02,1,us100043z2,2015-12-04,2,0,1,1,1
OF0275,2016-01-17,1,ak01613v15nv,2016-01-24,7,0,1,1,1
OF0276,2016-01-27,1,us20004vvx,2016-01-30,3,0,1,1,1
OF0277,2016-04-16,1,us20005j32,2016-04-16,0,1,1,1,1
OF0278,2016-04-16,1,us20005j32,2016-04-16,0,1,1,1,1
OF0279,2016-04-16,1,us20005j32,2016-04-16,0,1,1,1,1
OF0280,2016-04-17,1,us10005c88,2016-04-28,11,0,0,1,1
OF0281,2016-11-09,1,us1000778i,2016-11-13,4,0,1,1,1
OF0282,2016-11-09,1,us1000778i,2016-11-13,4,0,1,1,1
OF0283,2017-01-22,1,us10007uph,2017-01-22,0,1,1,1,1
OF0284,2017-02-14,1,us20009x42,2017-07-17,153,0,0,0,1
OF0285,2017-07-06,1,us20009x42,2017-07-17,11,0,0,1,1
OF0286,2017-07-12,1,us20009x42,2017-07-17,5,0,1,1,1
OF0287,2017-07-30,1,us2000ahv0,2017-09-08,40,0,0,1,1
OF0288,2017-09-03,1,us2000ahv0,2017-09-08,5,0,1,1,1
OF0289,2017-09-03,1,us2000ahv0,2017-09-08,5,0,1,1,1
OF0290,2017-11-10,1,us2000bmcg,2017-11-12,2,0,1,1,1
OF0291,2018-01-08,1,us1000c2zy,2018-01-10,2,0,1,1,1
OF0292,2018-04-05,1,us1000gcii,2018-08-19,136,0,0,0,1
OF0293,2018-04-15,1,us1000gcii,2018-08-19,126,0,0,0,1
OF0294,2018-04-23,1,us1000gcii,2018-08-19,118,0,0,0,1
OF0295,2018-06-23,1,us1000gcii,2018-08-19,57,0,0,1,1
OF0296,2018-11-30,1,ak018fcnsk91,2018-11-30,0,1,1,1,1
OF0297,2019-01-01,1,us2000jlfv,2019-02-22,52,0,0,1,1
OF0298,2019-05-03,1,us70003hqb,2019-05-06,3,0,1,1,1
OF0299,2019-07-18,1,us60006bjl,2019-11-14,119,0,0,0,1
OF0300,2019-08-28,1,us60006bjl,2019-11-14,78,0,0,1,1
OF0301,2019-12-05,1,us60007idc,2020-01-28,54,0,0,1,1
OF0302,2020-06-12,1,us6000ae4n,2020-06-18,6,0,1,1,1
OF0303,2021-02-08,1,us6000dg77,2021-02-10,2,0,1,1,1
OF0304,2021-05-07,1,us7000e54r,2021-05-21,14,0,0,1,1
OF0305,2021-05-21,1,us7000e54r,2021-05-21,0,1,1,1,1
OF0306,2021-10-27,1,us7000fxq2,2021-11-28,32,0,0,1,1
OF0307,2022-01-02,1,us6000h519,2022-03-16,73,0,0,1,1
OF0308,2022-03-28,1,us7000gymk,2022-03-31,3,0,1,1,1
OF0309,2022-04-25,1,us7000hcmn,2022-05-26,31,0,0,1,1
OF0310,2022-06-22,1,us6000i5rd,2022-07-27,35,0,0,1,1
OF0311,2022-07-11,1,us6000i5rd,2022-07-27,16,0,0,1,1
OF0312,2022-07-20,1,us6000i5rd,2022-07-27,7,0,1,1,1
OF0313,2022-11-07,1,us7000ingi,2022-11-09,2,0,1,1,1
OF0314,2023-01-05,1,us7000j2yw,2023-01-08,3,0,1,1,1
OF0315,2023-01-11,1,us7000j553,2023-01-18,7,0,1,1,1
OF0316,2023-07-08,1,us7000kg30,2023-07-16,8,0,0,1,1
OF0317,2023-08-12,1,us7000krjx,2023-08-28,16,0,0,1,1
OF0318,2023-08-14,1,us7000krjx,2023-08-28,14,0,0,1,1
OF0319,2024-02-15,1,us7000m9g4,2024-04-02,47,0,0,1,1
OF0320,2024-02-15,1,us7000m9g4,2024-04-02,47,0,0,1,1
OF0321,2024-04-16,1,us6000n8tq,2024-06-28,73,0,0,1,1
OF0322,2024-04-20,1,us6000n8tq,2024-06-28,69,0,0,1,1
OF0323,2024-04-21,1,us6000n8tq,2024-06-28,68,0,0,1,1
OF0324,2024-07-20,1,us6000nith,2024-08-08,19,0,0,1,1
OF0325,2024-08-10,1,us7000n7n8,2024-08-17,7,0,1,1,1
OF0326,2024-08-15,1,us7000n7n8,2024-08-17,2,0,1,1,1
OF0327,2024-09-18,1,nc75095651,2024-12-05,78,0,0,1,1
OF0328,2024-10-23,1,nc75095651,2024-12-05,43,0,0,1,1
OF0329,2024-11-06,1,nc75095651,2024-12-05,29,0,0,1,1
OF0330,2024-11-08,1,nc75095651,2024-12-05,27,0,0,1,1
OF0331,2024-11-09,1,nc75095651,2024-12-05,26,0,0,1,1
OF0332,2024-11-23,1,nc75095651,2024-12-05,12,0,0,1,1
OF0333,2025-01-20,1,us7000pcdl,2025-02-08,19,0,0,1,1
OF0334,2025-01-29,1,us7000pcdl,2025-02-08,10,0,0,1,1
OF0335,2025-02-07,1,us7000pcdl,2025-02-08,1,1,1,1,1
OF0336,2025-03-23,1,us7000pn9s,2025-03-28,5,0,1,1,1
OF0337,2025-05-10,1,us7000qd1y,2025-07-16,67,0,0,1,1
OF0338,2025-05-21,1,us7000qd1y,2025-07-16,56,0,0,1,1
OF0339,2025-06-05,1,us7000qd1y,2025-07-16,41,0,0,1,1
OF0340,2025-08-27,1,us7000qvw5,2025-09-13,17,0,0,1,1
OF0341,2025-11-21,1,us6000rsy1,2025-12-06,15,0,0,1,1
OF0342,2025-11-29,1,us6000rsy1,2025-12-06,7,0,1,1,1
OF0343,2025-12-11,1,us6000sasz,2026-02-22,73,0,0,1,1
OF0344,2026-01-10,0,us6000sasz,2026-02-22,43,0,0,1,
OF0345,2026-01-28,0,us6000sasz,2026-02-22,25,0,0,1,
OF0346,2026-01-29,0,us6000sasz,2026-02-22,24,0,0,1,
OF0347,2026-02-07,0,us6000sasz,2026-02-22,15,0,0,1,
OF0348,2026-02-07,0,us6000sasz,2026-02-22,15,0,0,1,
OF0349,2026-02-22,0,us6000sasz,2026-02-22,0,1,1,1,
OF0350,2026-03-14,0,us7000s789,2026-03-24,10,0,0,1,
OF0351,2026-04-07,0,us6000sri7,2026-04-20,13,0,0,,
