replicate,hit_count
1,11
2,11
3,12
4,12
5,12
6,12
7,12
8,13
9,13
10,13
11,13
12,13
13,13
14,13
15,13
16,14
17,14
18,14
19,14
20,14
21,14
22,14
23,14
24,14
25,14
26,14
27,14
28,14
29,14
30,14
31,14
32,14
33,14
34,15
35,15
36,15
37,15
38,15
39,15
40,15
41,15
42,15
43,15
44,15
45,15
46,15
47,15
48,15
49,15
50,15
51,15
52,15
53,15
54,15
55,15
56,15
57,15
58,15
59,15
60,15
61,15
62,15
63,15
64,15
65,15
66,15
67,15
68,15
69,15
70,15
71,15
72,15
73,15
74,15
75,15
76,15
77,15
78,15
79,15
80,15
81,16
82,16
83,16
84,16
85,16
86,16
87,16
88,16
89,16
90,16
91,16
92,16
93,16
94,16
95,16
96,16
97,16
98,16
99,16
100,16
101,16
102,16
103,16
104,16
105,16
106,16
107,16
108,16
109,16
110,16
111,16
112,16
113,16
114,16
115,16
116,16
117,16
118,16
119,16
120,16
121,16
122,16
123,16
124,16
125,16
126,16
127,16
128,16
129,16
130,16
131,16
132,16
133,16
134,16
135,16
136,16
137,16
138,16
139,16
140,16
141,16
142,16
143,16
144,16
145,16
146,16
147,16
148,16
149,16
150,16
151,16
152,16
153,16
154,16
155,16
156,16
157,16
158,16
159,16
160,16
161,16
162,16
163,17
164,17
165,17
166,17
167,17
168,17
169,17
170,17
171,17
172,17
173,17
174,17
175,17
176,17
177,17
178,17
179,17
180,17
181,17
182,17
183,17
184,17
185,17
186,17
187,17
188,17
189,17
190,17
191,17
192,17
193,17
194,17
195,17
196,17
197,17
198,17
199,17
200,17
201,17
202,17
203,17
204,17
205,17
206,17
207,17
208,17
209,17
210,17
211,17
212,17
213,17
214,17
215,17
216,17
217,17
218,17
219,17
220,17
221,17
222,17
223,17
224,17
225,17
226,17
227,17
228,17
229,17
230,17
231,17
232,17
233,17
234,17
235,17
236,17
237,17
238,17
239,17
240,17
241,17
242,17
243,17
244,17
245,17
246,17
247,17
248,17
249,17
250,17
251,17
252,17
253,17
254,17
255,17
256,17
257,17
258,17
259,17
260,17
261,17
262,17
263,17
264,17
265,17
266,17
267,17
268,17
269,17
270,17
271,17
272,17
273,17
274,18
275,18
276,18
277,18
278,18
279,18
280,18
281,18
282,18
283,18
284,18
285,18
286,18
287,18
288,18
289,18
290,18
291,18
292,18
293,18
294,18
295,18
296,18
297,18
298,18
299,18
300,18
301,18
302,18
303,18
304,18
305,18
306,18
307,18
308,18
309,18
310,18
311,18
312,18
313,18
314,18
315,18
316,18
317,18
318,18
319,18
320,18
321,18
322,18
323,18
324,18
325,18
326,18
327,18
328,18
329,18
330,18
331,18
332,18
333,18
334,18
335,18
336,18
337,18
338,18
339,18
340,18
341,18
342,18
343,18
344,18
345,18
346,18
347,18
348,18
349,18
350,18
351,18
352,18
353,18
354,18
355,18
356,18
357,18
358,18
359,18
360,18
361,18
362,18
363,18
364,18
365,18
366,18
367,18
368,18
369,18
370,18
371,18
372,18
373,18
374,18
375,18
376,18
377,18
378,18
379,18
380,18
381,18
382,18
383,18
384,18
385,18
386,18
387,18
388,18
389,18
390,18
391,18
392,18
393,18
394,18
395,18
396,18
397,18
398,18
399,18
400,18
401,18
402,18
403,18
404,18
405,18
406,18
407,18
408,18
409,18
410,18
411,18
412,18
413,18
414,18
415,18
416,18
417,18
418,18
419,18
420,18
421,18
422,18
423,18
424,18
425,18
426,18
427,18
428,18
429,18
430,18
431,18
432,18
433,18
434,18
435,18
436,18
437,18
438,18
439,18
440,18
441,18
442,18
443,18
444,18
445,18
446,18
447,18
448,18
449,18
450,18
451,18
452,18
453,18
454,18
455,18
456,18
457,18
458,18
459,18
460,18
461,18
462,18
463,18
464,18
465,18
466,18
467,18
468,18
469,18
470,18
471,19
472,19
473,19
474,19
475,19
476,19
477,19
478,19
479,19
480,19
481,19
482,19
483,19
484,19
485,19
486,19
487,19
488,19
489,19
490,19
491,19
492,19
493,19
494,19
495,19
496,19
497,19
498,19
499,19
500,19
501,19
502,19
503,19
504,19
505,19
506,19
507,19
508,19
509,19
510,19
511,19
512,19
513,19
514,19
515,19
516,19
517,19
518,19
519,19
520,19
521,19
522,19
523,19
524,19
525,19
526,19
527,19
528,19
529,19
530,19
531,19
532,19
533,19
534,19
535,19
536,19
537,19
538,19
539,19
540,19
541,19
542,19
543,19
544,19
545,19
546,19
547,19
548,19
549,19
550,19
551,19
552,19
553,19
554,19
555,19
556,19
557,19
558,19
559,19
560,19
561,19
562,19
563,19
564,19
565,19
566,19
567,19
568,19
569,19
570,19
571,19
572,19
573,19
574,19
575,19
576,19
577,19
578,19
579,19
580,19
581,19
582,19
583,19
584,19
585,19
586,19
587,19
588,19
589,19
590,19
591,19
592,19
593,19
594,19
595,19
596,19
597,19
598,19
599,19
600,19
601,19
602,19
603,19
604,19
605,19
606,19
607,19
608,19
609,19
610,19
611,19
612,19
613,19
614,19
615,19
616,19
617,19
618,19
619,19
620,19
621,19
622,19
623,19
624,19
625,19
626,19
627,19
628,19
629,19
630,19
631,19
632,19
633,19
634,19
635,19
636,19
637,19
638,19
639,19
640,19
641,19
642,19
643,19
644,19
645,19
646,19
647,19
648,19
649,19
650,19
651,19
652,19
653,19
654,19
655,19
656,19
657,19
658,19
659,19
660,19
661,19
662,19
663,19
664,19
665,19
666,19
667,19
668,19
669,19
670,19
671,19
672,19
673,19
674,19
675,19
676,19
677,19
678,19
679,19
680,19
681,19
682,19
683,19
684,19
685,19
686,19
687,19
688,19
689,19
690,19
691,19
692,19
693,19
694,19
695,19
696,19
697,19
698,19
699,19
700,19
701,19
702,19
703,19
704,19
705,19
706,19
707,19
708,19
709,19
710,19
711,19
712,19
713,19
714,19
715,19
716,19
717,19
718,19
719,19
720,19
721,19
722,19
723,19
724,19
725,19
726,19
727,19
728,19
729,19
730,19
731,19
732,19
733,19
734,19
735,19
736,19
737,19
738,19
739,19
740,19
741,19
742,19
743,19
744,19
745,20
746,20
747,20
748,20
749,20
750,20
751,20
752,20
753,20
754,20
755,20
756,20
757,20
758,20
759,20
760,20
761,20
762,20
763,20
764,20
765,20
766,20
767,20
768,20
769,20
770,20
771,20
772,20
773,20
774,20
775,20
776,20
777,20
778,20
779,20
780,20
781,20
782,20
783,20
784,20
785,20
786,20
787,20
788,20
789,20
790,20
791,20
792,20
793,20
794,20
795,20
796,20
797,20
798,20
799,20
800,20
801,20
802,20
803,20
804,20
805,20
806,20
807,20
808,20
809,20
810,20
811,20
812,20
813,20
814,20
815,20
816,20
817,20
818,20
819,20
820,20
821,20
822,20
823,20
824,20
825,20
826,20
827,20
828,20
829,20
830,20
831,20
832,20
833,20
834,20
835,20
836,20
837,20
838,20
839,20
840,20
841,20
842,20
843,20
844,20
845,20
846,20
847,20
848,20
849,20
850,20
851,20
852,20
853,20
854,20
855,20
856,20
857,20
858,20
859,20
860,20
861,20
862,20
863,20
864,20
865,20
866,20
867,20
868,20
869,20
870,20
871,20
872,20
873,20
874,20
875,20
876,20
877,20
878,20
879,20
880,20
881,20
882,20
883,20
884,20
885,20
886,20
887,20
888,20
889,20
890,20
891,20
892,20
893,20
894,20
895,20
896,20
897,20
898,20
899,20
900,20
901,20
902,20
903,20
904,20
905,20
906,20
907,20
908,20
909,20
910,20
911,20
912,20
913,20
914,20
915,20
916,20
917,20
918,20
919,20
920,20
921,20
922,20
923,20
924,20
925,20
926,20
927,20
928,20
929,20
930,20
931,20
932,20
933,20
934,20
935,20
936,20
937,20
938,20
939,20
940,20
941,20
942,20
943,20
944,20
945,20
946,20
947,20
948,20
949,20
950,20
951,20
952,20
953,20
954,20
955,20
956,20
957,20
958,20
959,20
960,20
961,20
962,20
963,20
964,20
965,20
966,20
967,20
968,20
969,20
970,20
971,20
972,20
973,20
974,20
975,20
976,20
977,20
978,20
979,20
980,20
981,20
982,20
983,20
984,20
985,20
986,20
987,20
988,20
989,20
990,20
991,20
992,20
993,20
994,20
995,20
996,20
997,20
998,20
999,20
1000,20
1001,20
1002,20
1003,20
1004,20
1005,20
1006,20
1007,20
1008,20
1009,20
1010,20
1011,20
1012,20
1013,20
1014,20
1015,20
1016,20
1017,20
1018,20
1019,20
1020,20
1021,20
1022,20
1023,20
1024,20
1025,20
1026,20
1027,20
1028,20
1029,20
1030,20
1031,20
1032,20
1033,20
1034,20
1035,20
1036,20
1037,20
1038,20
1039,20
1040,20
1041,20
1042,20
1043,20
1044,20
1045,20
1046,20
1047,20
1048,20
1049,20
1050,20
1051,20
1052,20
1053,20
1054,20
1055,20
1056,20
1057,20
1058,20
1059,20
1060,20
1061,20
1062,20
1063,20
1064,20
1065,20
1066,20
1067,20
1068,20
1069,20
1070,20
1071,20
1072,20
1073,20
1074,20
1075,20
1076,20
1077,20
1078,20
1079,20
1080,20
1081,20
1082,20
1083,20
1084,20
1085,20
1086,20
1087,20
1088,20
1089,20
1090,20
1091,20
1092,20
1093,20
1094,20
1095,20
1096,20
1097,20
1098,20
1099,20
1100,20
1101,20
1102,20
1103,20
1104,20
1105,20
1106,20
1107,20
1108,20
1109,20
1110,20
1111,20
1112,20
1113,20
1114,20
1115,20
1116,20
1117,20
1118,20
1119,20
1120,21
1121,21
1122,21
1123,21
1124,21
1125,21
1126,21
1127,21
1128,21
1129,21
1130,21
1131,21
1132,21
1133,21
1134,21
1135,21
1136,21
1137,21
1138,21
1139,21
1140,21
1141,21
1142,21
1143,21
1144,21
1145,21
1146,21
1147,21
1148,21
1149,21
1150,21
1151,21
1152,21
1153,21
1154,21
1155,21
1156,21
1157,21
1158,21
1159,21
1160,21
1161,21
1162,21
1163,21
1164,21
1165,21
1166,21
1167,21
1168,21
1169,21
1170,21
1171,21
1172,21
1173,21
1174,21
1175,21
1176,21
1177,21
1178,21
1179,21
1180,21
1181,21
1182,21
1183,21
1184,21
1185,21
1186,21
1187,21
1188,21
1189,21
1190,21
1191,21
1192,21
1193,21
1194,21
1195,21
1196,21
1197,21
1198,21
1199,21
1200,21
1201,21
1202,21
1203,21
1204,21
1205,21
1206,21
1207,21
1208,21
1209,21
1210,21
1211,21
1212,21
1213,21
1214,21
1215,21
1216,21
1217,21
1218,21
1219,21
1220,21
1221,21
1222,21
1223,21
1224,21
1225,21
1226,21
1227,21
1228,21
1229,21
1230,21
1231,21
1232,21
1233,21
1234,21
1235,21
1236,21
1237,21
1238,21
1239,21
1240,21
1241,21
1242,21
1243,21
1244,21
1245,21
1246,21
1247,21
1248,21
1249,21
1250,21
1251,21
1252,21
1253,21
1254,21
1255,21
1256,21
1257,21
1258,21
1259,21
1260,21
1261,21
1262,21
1263,21
1264,21
1265,21
1266,21
1267,21
1268,21
1269,21
1270,21
1271,21
1272,21
1273,21
1274,21
1275,21
1276,21
1277,21
1278,21
1279,21
1280,21
1281,21
1282,21
1283,21
1284,21
1285,21
1286,21
1287,21
1288,21
1289,21
1290,21
1291,21
1292,21
1293,21
1294,21
1295,21
1296,21
1297,21
1298,21
1299,21
1300,21
1301,21
1302,21
1303,21
1304,21
1305,21
1306,21
1307,21
1308,21
1309,21
1310,21
1311,21
1312,21
1313,21
1314,21
1315,21
1316,21
1317,21
1318,21
1319,21
1320,21
1321,21
1322,21
1323,21
1324,21
1325,21
1326,21
1327,21
1328,21
1329,21
1330,21
1331,21
1332,21
1333,21
1334,21
1335,21
1336,21
1337,21
1338,21
1339,21
1340,21
1341,21
1342,21
1343,21
1344,21
1345,21
1346,21
1347,21
1348,21
1349,21
1350,21
1351,21
1352,21
1353,21
1354,21
1355,21
1356,21
1357,21
1358,21
1359,21
1360,21
1361,21
1362,21
1363,21
1364,21
1365,21
1366,21
1367,21
1368,21
1369,21
1370,21
1371,21
1372,21
1373,21
1374,21
1375,21
1376,21
1377,21
1378,21
1379,21
1380,21
1381,21
1382,21
1383,21
1384,21
1385,21
1386,21
1387,21
1388,21
1389,21
1390,21
1391,21
1392,21
1393,21
1394,21
1395,21
1396,21
1397,21
1398,21
1399,21
1400,21
1401,21
1402,21
1403,21
1404,21
1405,21
1406,21
1407,21
1408,21
1409,21
1410,21
1411,21
1412,21
1413,21
1414,21
1415,21
1416,21
1417,21
1418,21
1419,21
1420,21
1421,21
1422,21
1423,21
1424,21
1425,21
1426,21
1427,21
1428,21
1429,21
1430,21
1431,21
1432,21
1433,21
1434,21
1435,21
1436,21
1437,21
1438,21
1439,21
1440,21
1441,21
1442,21
1443,21
1444,21
1445,21
1446,21
1447,21
1448,21
1449,21
1450,21
1451,21
1452,21
1453,21
1454,21
1455,21
1456,21
1457,21
1458,21
1459,21
1460,21
1461,21
1462,21
1463,21
1464,21
1465,21
1466,21
1467,21
1468,21
1469,21
1470,21
1471,21
1472,21
1473,21
1474,21
1475,21
1476,21
1477,21
1478,21
1479,21
1480,21
1481,21
1482,21
1483,21
1484,21
1485,21
1486,21
1487,21
1488,21
1489,21
1490,21
1491,21
1492,21
1493,21
1494,21
1495,21
1496,21
1497,21
1498,21
1499,21
1500,21
1501,21
1502,21
1503,21
1504,21
1505,21
1506,21
1507,21
1508,21
1509,21
1510,21
1511,21
1512,21
1513,21
1514,21
1515,21
1516,21
1517,21
1518,21
1519,21
1520,21
1521,21
1522,21
1523,21
1524,21
1525,21
1526,21
1527,21
1528,21
1529,21
1530,21
1531,21
1532,21
1533,21
1534,21
1535,21
1536,21
1537,21
1538,21
1539,21
1540,21
1541,21
1542,21
1543,21
1544,21
1545,21
1546,21
1547,21
1548,21
1549,21
1550,21
1551,21
1552,21
1553,21
1554,21
1555,21
1556,21
1557,21
1558,21
1559,21
1560,21
1561,21
1562,21
1563,21
1564,21
1565,21
1566,21
1567,21
1568,21
1569,21
1570,21
1571,21
1572,21
1573,21
1574,21
1575,21
1576,21
1577,21
1578,22
1579,22
1580,22
1581,22
1582,22
1583,22
1584,22
1585,22
1586,22
1587,22
1588,22
1589,22
1590,22
1591,22
1592,22
1593,22
1594,22
1595,22
1596,22
1597,22
1598,22
1599,22
1600,22
1601,22
1602,22
1603,22
1604,22
1605,22
1606,22
1607,22
1608,22
1609,22
1610,22
1611,22
1612,22
1613,22
1614,22
1615,22
1616,22
1617,22
1618,22
1619,22
1620,22
1621,22
1622,22
1623,22
1624,22
1625,22
1626,22
1627,22
1628,22
1629,22
1630,22
1631,22
1632,22
1633,22
1634,22
1635,22
1636,22
1637,22
1638,22
1639,22
1640,22
1641,22
1642,22
1643,22
1644,22
1645,22
1646,22
1647,22
1648,22
1649,22
1650,22
1651,22
1652,22
1653,22
1654,22
1655,22
1656,22
1657,22
1658,22
1659,22
1660,22
1661,22
1662,22
1663,22
1664,22
1665,22
1666,22
1667,22
1668,22
1669,22
1670,22
1671,22
1672,22
1673,22
1674,22
1675,22
1676,22
1677,22
1678,22
1679,22
1680,22
1681,22
1682,22
1683,22
1684,22
1685,22
1686,22
1687,22
1688,22
1689,22
1690,22
1691,22
1692,22
1693,22
1694,22
1695,22
1696,22
1697,22
1698,22
1699,22
1700,22
1701,22
1702,22
1703,22
1704,22
1705,22
1706,22
1707,22
1708,22
1709,22
1710,22
1711,22
1712,22
1713,22
1714,22
1715,22
1716,22
1717,22
1718,22
1719,22
1720,22
1721,22
1722,22
1723,22
1724,22
1725,22
1726,22
1727,22
1728,22
1729,22
1730,22
1731,22
1732,22
1733,22
1734,22
1735,22
1736,22
1737,22
1738,22
1739,22
1740,22
1741,22
1742,22
1743,22
1744,22
1745,22
1746,22
1747,22
1748,22
1749,22
1750,22
1751,22
1752,22
1753,22
1754,22
1755,22
1756,22
1757,22
1758,22
1759,22
1760,22
1761,22
1762,22
1763,22
1764,22
1765,22
1766,22
1767,22
1768,22
1769,22
1770,22
1771,22
1772,22
1773,22
1774,22
1775,22
1776,22
1777,22
1778,22
1779,22
1780,22
1781,22
1782,22
1783,22
1784,22
1785,22
1786,22
1787,22
1788,22
1789,22
1790,22
1791,22
1792,22
1793,22
1794,22
1795,22
1796,22
1797,22
1798,22
1799,22
1800,22
1801,22
1802,22
1803,22
1804,22
1805,22
1806,22
1807,22
1808,22
1809,22
1810,22
1811,22
1812,22
1813,22
1814,22
1815,22
1816,22
1817,22
1818,22
1819,22
1820,22
1821,22
1822,22
1823,22
1824,22
1825,22
1826,22
1827,22
1828,22
1829,22
1830,22
1831,22
1832,22
1833,22
1834,22
1835,22
1836,22
1837,22
1838,22
1839,22
1840,22
1841,22
1842,22
1843,22
1844,22
1845,22
1846,22
1847,22
1848,22
1849,22
1850,22
1851,22
1852,22
1853,22
1854,22
1855,22
1856,22
1857,22
1858,22
1859,22
1860,22
1861,22
1862,22
1863,22
1864,22
1865,22
1866,22
1867,22
1868,22
1869,22
1870,22
1871,22
1872,22
1873,22
1874,22
1875,22
1876,22
1877,22
1878,22
1879,22
1880,22
1881,22
1882,22
1883,22
1884,22
1885,22
1886,22
1887,22
1888,22
1889,22
1890,22
1891,22
1892,22
1893,22
1894,22
1895,22
1896,22
1897,22
1898,22
1899,22
1900,22
1901,22
1902,22
1903,22
1904,22
1905,22
1906,22
1907,22
1908,22
1909,22
1910,22
1911,22
1912,22
1913,22
1914,22
1915,22
1916,22
1917,22
1918,22
1919,22
1920,22
1921,22
1922,22
1923,22
1924,22
1925,22
1926,22
1927,22
1928,22
1929,22
1930,22
1931,22
1932,22
1933,22
1934,22
1935,22
1936,22
1937,22
1938,22
1939,22
1940,22
1941,22
1942,22
1943,22
1944,22
1945,22
1946,22
1947,22
1948,22
1949,22
1950,22
1951,22
1952,22
1953,22
1954,22
1955,22
1956,22
1957,22
1958,22
1959,22
1960,22
1961,22
1962,22
1963,22
1964,22
1965,22
1966,22
1967,22
1968,22
1969,22
1970,22
1971,22
1972,22
1973,22
1974,22
1975,22
1976,22
1977,22
1978,22
1979,22
1980,22
1981,22
1982,22
1983,22
1984,22
1985,22
1986,22
1987,22
1988,22
1989,22
1990,22
1991,22
1992,22
1993,22
1994,22
1995,22
1996,22
1997,22
1998,22
1999,22
2000,22
2001,22
2002,22
2003,22
2004,22
2005,22
2006,22
2007,22
2008,22
2009,22
2010,22
2011,22
2012,22
2013,22
2014,22
2015,22
2016,22
2017,22
2018,22
2019,22
2020,22
2021,22
2022,22
2023,22
2024,22
2025,22
2026,22
2027,22
2028,22
2029,22
2030,22
2031,22
2032,22
2033,22
2034,22
2035,22
2036,22
2037,22
2038,22
2039,22
2040,22
2041,22
2042,22
2043,22
2044,22
2045,22
2046,22
2047,22
2048,22
2049,22
2050,22
2051,22
2052,22
2053,22
2054,22
2055,22
2056,22
2057,22
2058,22
2059,22
2060,22
2061,22
2062,22
2063,22
2064,22
2065,22
2066,22
2067,22
2068,22
2069,22
2070,22
2071,22
2072,22
2073,22
2074,22
2075,22
2076,22
2077,22
2078,22
2079,22
2080,22
2081,22
2082,22
2083,22
2084,22
2085,22
2086,22
2087,22
2088,22
2089,22
2090,22
2091,22
2092,22
2093,22
2094,22
2095,22
2096,22
2097,22
2098,22
2099,22
2100,22
2101,22
2102,22
2103,22
2104,22
2105,22
2106,22
2107,22
2108,22
2109,22
2110,22
2111,22
2112,22
2113,22
2114,22
2115,22
2116,22
2117,22
2118,22
2119,22
2120,22
2121,22
2122,22
2123,22
2124,22
2125,22
2126,22
2127,22
2128,22
2129,22
2130,22
2131,22
2132,22
2133,23
2134,23
2135,23
2136,23
2137,23
2138,23
2139,23
2140,23
2141,23
2142,23
2143,23
2144,23
2145,23
2146,23
2147,23
2148,23
2149,23
2150,23
2151,23
2152,23
2153,23
2154,23
2155,23
2156,23
2157,23
2158,23
2159,23
2160,23
2161,23
2162,23
2163,23
2164,23
2165,23
2166,23
2167,23
2168,23
2169,23
2170,23
2171,23
2172,23
2173,23
2174,23
2175,23
2176,23
2177,23
2178,23
2179,23
2180,23
2181,23
2182,23
2183,23
2184,23
2185,23
2186,23
2187,23
2188,23
2189,23
2190,23
2191,23
2192,23
2193,23
2194,23
2195,23
2196,23
2197,23
2198,23
2199,23
2200,23
2201,23
2202,23
2203,23
2204,23
2205,23
2206,23
2207,23
2208,23
2209,23
2210,23
2211,23
2212,23
2213,23
2214,23
2215,23
2216,23
2217,23
2218,23
2219,23
2220,23
2221,23
2222,23
2223,23
2224,23
2225,23
2226,23
2227,23
2228,23
2229,23
2230,23
2231,23
2232,23
2233,23
2234,23
2235,23
2236,23
2237,23
2238,23
2239,23
2240,23
2241,23
2242,23
2243,23
2244,23
2245,23
2246,23
2247,23
2248,23
2249,23
2250,23
2251,23
2252,23
2253,23
2254,23
2255,23
2256,23
2257,23
2258,23
2259,23
2260,23
2261,23
2262,23
2263,23
2264,23
2265,23
2266,23
2267,23
2268,23
2269,23
2270,23
2271,23
2272,23
2273,23
2274,23
2275,23
2276,23
2277,23
2278,23
2279,23
2280,23
2281,23
2282,23
2283,23
2284,23
2285,23
2286,23
2287,23
2288,23
2289,23
2290,23
2291,23
2292,23
2293,23
2294,23
2295,23
2296,23
2297,23
2298,23
2299,23
2300,23
2301,23
2302,23
2303,23
2304,23
2305,23
2306,23
2307,23
2308,23
2309,23
2310,23
2311,23
2312,23
2313,23
2314,23
2315,23
2316,23
2317,23
2318,23
2319,23
2320,23
2321,23
2322,23
2323,23
2324,23
2325,23
2326,23
2327,23
2328,23
2329,23
2330,23
2331,23
2332,23
2333,23
2334,23
2335,23
2336,23
2337,23
2338,23
2339,23
2340,23
2341,23
2342,23
2343,23
2344,23
2345,23
2346,23
2347,23
2348,23
2349,23
2350,23
2351,23
2352,23
2353,23
2354,23
2355,23
2356,23
2357,23
2358,23
2359,23
2360,23
2361,23
2362,23
2363,23
2364,23
2365,23
2366,23
2367,23
2368,23
2369,23
2370,23
2371,23
2372,23
2373,23
2374,23
2375,23
2376,23
2377,23
2378,23
2379,23
2380,23
2381,23
2382,23
2383,23
2384,23
2385,23
2386,23
2387,23
2388,23
2389,23
2390,23
2391,23
2392,23
2393,23
2394,23
2395,23
2396,23
2397,23
2398,23
2399,23
2400,23
2401,23
2402,23
2403,23
2404,23
2405,23
2406,23
2407,23
2408,23
2409,23
2410,23
2411,23
2412,23
2413,23
2414,23
2415,23
2416,23
2417,23
2418,23
2419,23
2420,23
2421,23
2422,23
2423,23
2424,23
2425,23
2426,23
2427,23
2428,23
2429,23
2430,23
2431,23
2432,23
2433,23
2434,23
2435,23
2436,23
2437,23
2438,23
2439,23
2440,23
2441,23
2442,23
2443,23
2444,23
2445,23
2446,23
2447,23
2448,23
2449,23
2450,23
2451,23
2452,23
2453,23
2454,23
2455,23
2456,23
2457,23
2458,23
2459,23
2460,23
2461,23
2462,23
2463,23
2464,23
2465,23
2466,23
2467,23
2468,23
2469,23
2470,23
2471,23
2472,23
2473,23
2474,23
2475,23
2476,23
2477,23
2478,23
2479,23
2480,23
2481,23
2482,23
2483,23
2484,23
2485,23
2486,23
2487,23
2488,23
2489,23
2490,23
2491,23
2492,23
2493,23
2494,23
2495,23
2496,23
2497,23
2498,23
2499,23
2500,23
2501,23
2502,23
2503,23
2504,23
2505,23
2506,23
2507,23
2508,23
2509,23
2510,23
2511,23
2512,23
2513,23
2514,23
2515,23
2516,23
2517,23
2518,23
2519,23
2520,23
2521,23
2522,23
2523,23
2524,23
2525,23
2526,23
2527,23
2528,23
2529,23
2530,23
2531,23
2532,23
2533,23
2534,23
2535,23
2536,23
2537,23
2538,23
2539,23
2540,23
2541,23
2542,23
2543,23
2544,23
2545,23
2546,23
2547,23
2548,23
2549,23
2550,23
2551,23
2552,23
2553,23
2554,23
2555,23
2556,23
2557,23
2558,23
2559,23
2560,23
2561,23
2562,23
2563,23
2564,23
2565,23
2566,23
2567,23
2568,23
2569,23
2570,23
2571,23
2572,23
2573,23
2574,23
2575,23
2576,23
2577,23
2578,23
2579,23
2580,23
2581,23
2582,23
2583,23
2584,23
2585,23
2586,23
2587,23
2588,23
2589,23
2590,23
2591,23
2592,23
2593,23
2594,23
2595,23
2596,23
2597,23
2598,23
2599,23
2600,23
2601,23
2602,23
2603,23
2604,23
2605,23
2606,23
2607,23
2608,23
2609,23
2610,23
2611,23
2612,23
2613,23
2614,23
2615,23
2616,23
2617,23
2618,23
2619,23
2620,23
2621,23
2622,23
2623,23
2624,23
2625,23
2626,23
2627,23
2628,23
2629,23
2630,23
2631,23
2632,23
2633,23
2634,23
2635,23
2636,23
2637,23
2638,23
2639,23
2640,23
2641,23
2642,23
2643,23
2644,23
2645,23
2646,23
2647,23
2648,23
2649,23
2650,23
2651,23
2652,23
2653,23
2654,23
2655,23
2656,23
2657,23
2658,23
2659,23
2660,23
2661,23
2662,23
2663,23
2664,23
2665,23
2666,23
2667,23
2668,23
2669,23
2670,23
2671,23
2672,23
2673,23
2674,23
2675,23
2676,23
2677,23
2678,23
2679,23
2680,23
2681,23
2682,23
2683,23
2684,23
2685,23
2686,23
2687,23
2688,23
2689,23
2690,23
2691,23
2692,23
2693,23
2694,23
2695,23
2696,23
2697,23
2698,23
2699,23
2700,23
2701,23
2702,23
2703,23
2704,23
2705,23
2706,23
2707,23
2708,23
2709,23
2710,23
2711,23
2712,23
2713,23
2714,23
2715,23
2716,23
2717,23
2718,23
2719,23
2720,23
2721,23
2722,23
2723,23
2724,23
2725,23
2726,23
2727,23
2728,23
2729,23
2730,23
2731,23
2732,23
2733,23
2734,23
2735,23
2736,23
2737,23
2738,23
2739,23
2740,23
2741,23
2742,23
2743,23
2744,23
2745,23
2746,23
2747,23
2748,23
2749,23
2750,23
2751,23
2752,23
2753,23
2754,23
2755,23
2756,23
2757,23
2758,23
2759,23
2760,23
2761,23
2762,23
2763,23
2764,23
2765,23
2766,23
2767,23
2768,23
2769,23
2770,23
2771,23
2772,23
2773,23
2774,23
2775,23
2776,23
2777,23
2778,23
2779,24
2780,24
2781,24
2782,24
2783,24
2784,24
2785,24
2786,24
2787,24
2788,24
2789,24
2790,24
2791,24
2792,24
2793,24
2794,24
2795,24
2796,24
2797,24
2798,24
2799,24
2800,24
2801,24
2802,24
2803,24
2804,24
2805,24
2806,24
2807,24
2808,24
2809,24
2810,24
2811,24
2812,24
2813,24
2814,24
2815,24
2816,24
2817,24
2818,24
2819,24
2820,24
2821,24
2822,24
2823,24
2824,24
2825,24
2826,24
2827,24
2828,24
2829,24
2830,24
2831,24
2832,24
2833,24
2834,24
2835,24
2836,24
2837,24
2838,24
2839,24
2840,24
2841,24
2842,24
2843,24
2844,24
2845,24
2846,24
2847,24
2848,24
2849,24
2850,24
2851,24
2852,24
2853,24
2854,24
2855,24
2856,24
2857,24
2858,24
2859,24
2860,24
2861,24
2862,24
2863,24
2864,24
2865,24
2866,24
2867,24
2868,24
2869,24
2870,24
2871,24
2872,24
2873,24
2874,24
2875,24
2876,24
2877,24
2878,24
2879,24
2880,24
2881,24
2882,24
2883,24
2884,24
2885,24
2886,24
2887,24
2888,24
2889,24
2890,24
2891,24
2892,24
2893,24
2894,24
2895,24
2896,24
2897,24
2898,24
2899,24
2900,24
2901,24
2902,24
2903,24
2904,24
2905,24
2906,24
2907,24
2908,24
2909,24
2910,24
2911,24
2912,24
2913,24
2914,24
2915,24
2916,24
2917,24
2918,24
2919,24
2920,24
2921,24
2922,24
2923,24
2924,24
2925,24
2926,24
2927,24
2928,24
2929,24
2930,24
2931,24
2932,24
2933,24
2934,24
2935,24
2936,24
2937,24
2938,24
2939,24
2940,24
2941,24
2942,24
2943,24
2944,24
2945,24
2946,24
2947,24
2948,24
2949,24
2950,24
2951,24
2952,24
2953,24
2954,24
2955,24
2956,24
2957,24
2958,24
2959,24
2960,24
2961,24
2962,24
2963,24
2964,24
2965,24
2966,24
2967,24
2968,24
2969,24
2970,24
2971,24
2972,24
2973,24
2974,24
2975,24
2976,24
2977,24
2978,24
2979,24
2980,24
2981,24
2982,24
2983,24
2984,24
2985,24
2986,24
2987,24
2988,24
2989,24
2990,24
2991,24
2992,24
2993,24
2994,24
2995,24
2996,24
2997,24
2998,24
2999,24
3000,24
3001,24
3002,24
3003,24
3004,24
3005,24
3006,24
3007,24
3008,24
3009,24
3010,24
3011,24
3012,24
3013,24
3014,24
3015,24
3016,24
3017,24
3018,24
3019,24
3020,24
3021,24
3022,24
3023,24
3024,24
3025,24
3026,24
3027,24
3028,24
3029,24
3030,24
3031,24
3032,24
3033,24
3034,24
3035,24
3036,24
3037,24
3038,24
3039,24
3040,24
3041,24
3042,24
3043,24
3044,24
3045,24
3046,24
3047,24
3048,24
3049,24
3050,24
3051,24
3052,24
3053,24
3054,24
3055,24
3056,24
3057,24
3058,24
3059,24
3060,24
3061,24
3062,24
3063,24
3064,24
3065,24
3066,24
3067,24
3068,24
3069,24
3070,24
3071,24
3072,24
3073,24
3074,24
3075,24
3076,24
3077,24
3078,24
3079,24
3080,24
3081,24
3082,24
3083,24
3084,24
3085,24
3086,24
3087,24
3088,24
3089,24
3090,24
3091,24
3092,24
3093,24
3094,24
3095,24
3096,24
3097,24
3098,24
3099,24
3100,24
3101,24
3102,24
3103,24
3104,24
3105,24
3106,24
3107,24
3108,24
3109,24
3110,24
3111,24
3112,24
3113,24
3114,24
3115,24
3116,24
3117,24
3118,24
3119,24
3120,24
3121,24
3122,24
3123,24
3124,24
3125,24
3126,24
3127,24
3128,24
3129,24
3130,24
3131,24
3132,24
3133,24
3134,24
3135,24
3136,24
3137,24
3138,24
3139,24
3140,24
3141,24
3142,24
3143,24
3144,24
3145,24
3146,24
3147,24
3148,24
3149,24
3150,24
3151,24
3152,24
3153,24
3154,24
3155,24
3156,24
3157,24
3158,24
3159,24
3160,24
3161,24
3162,24
3163,24
3164,24
3165,24
3166,24
3167,24
3168,24
3169,24
3170,24
3171,24
3172,24
3173,24
3174,24
3175,24
3176,24
3177,24
3178,24
3179,24
3180,24
3181,24
3182,24
3183,24
3184,24
3185,24
3186,24
3187,24
3188,24
3189,24
3190,24
3191,24
3192,24
3193,24
3194,24
3195,24
3196,24
3197,24
3198,24
3199,24
3200,24
3201,24
3202,24
3203,24
3204,24
3205,24
3206,24
3207,24
3208,24
3209,24
3210,24
3211,24
3212,24
3213,24
3214,24
3215,24
3216,24
3217,24
3218,24
3219,24
3220,24
3221,24
3222,24
3223,24
3224,24
3225,24
3226,24
3227,24
3228,24
3229,24
3230,24
3231,24
3232,24
3233,24
3234,24
3235,24
3236,24
3237,24
3238,24
3239,24
3240,24
3241,24
3242,24
3243,24
3244,24
3245,24
3246,24
3247,24
3248,24
3249,24
3250,24
3251,24
3252,24
3253,24
3254,24
3255,24
3256,24
3257,24
3258,24
3259,24
3260,24
3261,24
3262,24
3263,24
3264,24
3265,24
3266,24
3267,24
3268,24
3269,24
3270,24
3271,24
3272,24
3273,24
3274,24
3275,24
3276,24
3277,24
3278,24
3279,24
3280,24
3281,24
3282,24
3283,24
3284,24
3285,24
3286,24
3287,24
3288,24
3289,24
3290,24
3291,24
3292,24
3293,24
3294,24
3295,24
3296,24
3297,24
3298,24
3299,24
3300,24
3301,24
3302,24
3303,24
3304,24
3305,24
3306,24
3307,24
3308,24
3309,24
3310,24
3311,24
3312,24
3313,24
3314,24
3315,24
3316,24
3317,24
3318,24
3319,24
3320,24
3321,24
3322,24
3323,24
3324,24
3325,24
3326,24
3327,24
3328,24
3329,24
3330,24
3331,24
3332,24
3333,24
3334,24
3335,24
3336,24
3337,24
3338,24
3339,24
3340,24
3341,24
3342,24
3343,24
3344,24
3345,24
3346,24
3347,24
3348,24
3349,24
3350,24
3351,24
3352,24
3353,24
3354,24
3355,24
3356,24
3357,24
3358,24
3359,24
3360,24
3361,24
3362,24
3363,24
3364,24
3365,24
3366,24
3367,24
3368,24
3369,24
3370,24
3371,24
3372,24
3373,24
3374,24
3375,24
3376,24
3377,24
3378,24
3379,24
3380,24
3381,24
3382,24
3383,24
3384,24
3385,24
3386,24
3387,24
3388,24
3389,24
3390,24
3391,24
3392,24
3393,24
3394,24
3395,24
3396,24
3397,24
3398,24
3399,24
3400,24
3401,24
3402,24
3403,24
3404,24
3405,24
3406,24
3407,24
3408,24
3409,24
3410,24
3411,24
3412,24
3413,24
3414,24
3415,24
3416,24
3417,24
3418,24
3419,24
3420,24
3421,24
3422,24
3423,24
3424,24
3425,24
3426,24
3427,24
3428,24
3429,24
3430,24
3431,24
3432,24
3433,24
3434,24
3435,24
3436,24
3437,24
3438,24
3439,24
3440,24
3441,24
3442,24
3443,24
3444,24
3445,24
3446,24
3447,24
3448,24
3449,24
3450,24
3451,24
3452,24
3453,24
3454,24
3455,24
3456,24
3457,24
3458,24
3459,24
3460,24
3461,24
3462,24
3463,24
3464,24
3465,24
3466,24
3467,24
3468,24
3469,24
3470,24
3471,24
3472,24
3473,24
3474,24
3475,24
3476,24
3477,24
3478,24
3479,24
3480,24
3481,24
3482,24
3483,24
3484,24
3485,24
3486,24
3487,24
3488,24
3489,24
3490,24
3491,24
3492,24
3493,24
3494,24
3495,24
3496,24
3497,24
3498,25
3499,25
3500,25
3501,25
3502,25
3503,25
3504,25
3505,25
3506,25
3507,25
3508,25
3509,25
3510,25
3511,25
3512,25
3513,25
3514,25
3515,25
3516,25
3517,25
3518,25
3519,25
3520,25
3521,25
3522,25
3523,25
3524,25
3525,25
3526,25
3527,25
3528,25
3529,25
3530,25
3531,25
3532,25
3533,25
3534,25
3535,25
3536,25
3537,25
3538,25
3539,25
3540,25
3541,25
3542,25
3543,25
3544,25
3545,25
3546,25
3547,25
3548,25
3549,25
3550,25
3551,25
3552,25
3553,25
3554,25
3555,25
3556,25
3557,25
3558,25
3559,25
3560,25
3561,25
3562,25
3563,25
3564,25
3565,25
3566,25
3567,25
3568,25
3569,25
3570,25
3571,25
3572,25
3573,25
3574,25
3575,25
3576,25
3577,25
3578,25
3579,25
3580,25
3581,25
3582,25
3583,25
3584,25
3585,25
3586,25
3587,25
3588,25
3589,25
3590,25
3591,25
3592,25
3593,25
3594,25
3595,25
3596,25
3597,25
3598,25
3599,25
3600,25
3601,25
3602,25
3603,25
3604,25
3605,25
3606,25
3607,25
3608,25
3609,25
3610,25
3611,25
3612,25
3613,25
3614,25
3615,25
3616,25
3617,25
3618,25
3619,25
3620,25
3621,25
3622,25
3623,25
3624,25
3625,25
3626,25
3627,25
3628,25
3629,25
3630,25
3631,25
3632,25
3633,25
3634,25
3635,25
3636,25
3637,25
3638,25
3639,25
3640,25
3641,25
3642,25
3643,25
3644,25
3645,25
3646,25
3647,25
3648,25
3649,25
3650,25
3651,25
3652,25
3653,25
3654,25
3655,25
3656,25
3657,25
3658,25
3659,25
3660,25
3661,25
3662,25
3663,25
3664,25
3665,25
3666,25
3667,25
3668,25
3669,25
3670,25
3671,25
3672,25
3673,25
3674,25
3675,25
3676,25
3677,25
3678,25
3679,25
3680,25
3681,25
3682,25
3683,25
3684,25
3685,25
3686,25
3687,25
3688,25
3689,25
3690,25
3691,25
3692,25
3693,25
3694,25
3695,25
3696,25
3697,25
3698,25
3699,25
3700,25
3701,25
3702,25
3703,25
3704,25
3705,25
3706,25
3707,25
3708,25
3709,25
3710,25
3711,25
3712,25
3713,25
3714,25
3715,25
3716,25
3717,25
3718,25
3719,25
3720,25
3721,25
3722,25
3723,25
3724,25
3725,25
3726,25
3727,25
3728,25
3729,25
3730,25
3731,25
3732,25
3733,25
3734,25
3735,25
3736,25
3737,25
3738,25
3739,25
3740,25
3741,25
3742,25
3743,25
3744,25
3745,25
3746,25
3747,25
3748,25
3749,25
3750,25
3751,25
3752,25
3753,25
3754,25
3755,25
3756,25
3757,25
3758,25
3759,25
3760,25
3761,25
3762,25
3763,25
3764,25
3765,25
3766,25
3767,25
3768,25
3769,25
3770,25
3771,25
3772,25
3773,25
3774,25
3775,25
3776,25
3777,25
3778,25
3779,25
3780,25
3781,25
3782,25
3783,25
3784,25
3785,25
3786,25
3787,25
3788,25
3789,25
3790,25
3791,25
3792,25
3793,25
3794,25
3795,25
3796,25
3797,25
3798,25
3799,25
3800,25
3801,25
3802,25
3803,25
3804,25
3805,25
3806,25
3807,25
3808,25
3809,25
3810,25
3811,25
3812,25
3813,25
3814,25
3815,25
3816,25
3817,25
3818,25
3819,25
3820,25
3821,25
3822,25
3823,25
3824,25
3825,25
3826,25
3827,25
3828,25
3829,25
3830,25
3831,25
3832,25
3833,25
3834,25
3835,25
3836,25
3837,25
3838,25
3839,25
3840,25
3841,25
3842,25
3843,25
3844,25
3845,25
3846,25
3847,25
3848,25
3849,25
3850,25
3851,25
3852,25
3853,25
3854,25
3855,25
3856,25
3857,25
3858,25
3859,25
3860,25
3861,25
3862,25
3863,25
3864,25
3865,25
3866,25
3867,25
3868,25
3869,25
3870,25
3871,25
3872,25
3873,25
3874,25
3875,25
3876,25
3877,25
3878,25
3879,25
3880,25
3881,25
3882,25
3883,25
3884,25
3885,25
3886,25
3887,25
3888,25
3889,25
3890,25
3891,25
3892,25
3893,25
3894,25
3895,25
3896,25
3897,25
3898,25
3899,25
3900,25
3901,25
3902,25
3903,25
3904,25
3905,25
3906,25
3907,25
3908,25
3909,25
3910,25
3911,25
3912,25
3913,25
3914,25
3915,25
3916,25
3917,25
3918,25
3919,25
3920,25
3921,25
3922,25
3923,25
3924,25
3925,25
3926,25
3927,25
3928,25
3929,25
3930,25
3931,25
3932,25
3933,25
3934,25
3935,25
3936,25
3937,25
3938,25
3939,25
3940,25
3941,25
3942,25
3943,25
3944,25
3945,25
3946,25
3947,25
3948,25
3949,25
3950,25
3951,25
3952,25
3953,25
3954,25
3955,25
3956,25
3957,25
3958,25
3959,25
3960,25
3961,25
3962,25
3963,25
3964,25
3965,25
3966,25
3967,25
3968,25
3969,25
3970,25
3971,25
3972,25
3973,25
3974,25
3975,25
3976,25
3977,25
3978,25
3979,25
3980,25
3981,25
3982,25
3983,25
3984,25
3985,25
3986,25
3987,25
3988,25
3989,25
3990,25
3991,25
3992,25
3993,25
3994,25
3995,25
3996,25
3997,25
3998,25
3999,25
4000,25
4001,25
4002,25
4003,25
4004,25
4005,25
4006,25
4007,25
4008,25
4009,25
4010,25
4011,25
4012,25
4013,25
4014,25
4015,25
4016,25
4017,25
4018,25
4019,25
4020,25
4021,25
4022,25
4023,25
4024,25
4025,25
4026,25
4027,25
4028,25
4029,25
4030,25
4031,25
4032,25
4033,25
4034,25
4035,25
4036,25
4037,25
4038,25
4039,25
4040,25
4041,25
4042,25
4043,25
4044,25
4045,25
4046,25
4047,25
4048,25
4049,25
4050,25
4051,25
4052,25
4053,25
4054,25
4055,25
4056,25
4057,25
4058,25
4059,25
4060,25
4061,25
4062,25
4063,25
4064,25
4065,25
4066,25
4067,25
4068,25
4069,25
4070,25
4071,25
4072,25
4073,25
4074,25
4075,25
4076,25
4077,25
4078,25
4079,25
4080,25
4081,25
4082,25
4083,25
4084,25
4085,25
4086,25
4087,25
4088,25
4089,25
4090,25
4091,25
4092,25
4093,25
4094,25
4095,25
4096,25
4097,25
4098,25
4099,25
4100,25
4101,25
4102,25
4103,25
4104,25
4105,25
4106,25
4107,25
4108,25
4109,25
4110,25
4111,25
4112,25
4113,25
4114,25
4115,25
4116,25
4117,25
4118,25
4119,25
4120,25
4121,25
4122,25
4123,25
4124,25
4125,25
4126,25
4127,25
4128,25
4129,25
4130,25
4131,25
4132,25
4133,25
4134,25
4135,25
4136,25
4137,25
4138,25
4139,25
4140,25
4141,25
4142,25
4143,25
4144,25
4145,25
4146,25
4147,25
4148,25
4149,25
4150,25
4151,25
4152,25
4153,25
4154,25
4155,25
4156,25
4157,25
4158,25
4159,25
4160,25
4161,25
4162,25
4163,25
4164,25
4165,25
4166,25
4167,25
4168,25
4169,25
4170,25
4171,25
4172,25
4173,25
4174,25
4175,25
4176,25
4177,25
4178,25
4179,25
4180,25
4181,25
4182,25
4183,25
4184,25
4185,25
4186,25
4187,25
4188,25
4189,25
4190,25
4191,25
4192,25
4193,25
4194,25
4195,25
4196,25
4197,25
4198,25
4199,25
4200,25
4201,25
4202,25
4203,25
4204,25
4205,25
4206,25
4207,25
4208,25
4209,25
4210,25
4211,25
4212,25
4213,25
4214,25
4215,25
4216,25
4217,25
4218,25
4219,25
4220,25
4221,25
4222,25
4223,25
4224,25
4225,25
4226,25
4227,25
4228,25
4229,25
4230,25
4231,25
4232,25
4233,25
4234,25
4235,25
4236,25
4237,25
4238,25
4239,25
4240,25
4241,25
4242,25
4243,25
4244,25
4245,25
4246,25
4247,25
4248,25
4249,25
4250,25
4251,25
4252,25
4253,25
4254,25
4255,25
4256,25
4257,25
4258,25
4259,25
4260,25
4261,25
4262,25
4263,25
4264,25
4265,25
4266,25
4267,25
4268,25
4269,25
4270,25
4271,25
4272,25
4273,25
4274,25
4275,25
4276,25
4277,25
4278,25
4279,25
4280,26
4281,26
4282,26
4283,26
4284,26
4285,26
4286,26
4287,26
4288,26
4289,26
4290,26
4291,26
4292,26
4293,26
4294,26
4295,26
4296,26
4297,26
4298,26
4299,26
4300,26
4301,26
4302,26
4303,26
4304,26
4305,26
4306,26
4307,26
4308,26
4309,26
4310,26
4311,26
4312,26
4313,26
4314,26
4315,26
4316,26
4317,26
4318,26
4319,26
4320,26
4321,26
4322,26
4323,26
4324,26
4325,26
4326,26
4327,26
4328,26
4329,26
4330,26
4331,26
4332,26
4333,26
4334,26
4335,26
4336,26
4337,26
4338,26
4339,26
4340,26
4341,26
4342,26
4343,26
4344,26
4345,26
4346,26
4347,26
4348,26
4349,26
4350,26
4351,26
4352,26
4353,26
4354,26
4355,26
4356,26
4357,26
4358,26
4359,26
4360,26
4361,26
4362,26
4363,26
4364,26
4365,26
4366,26
4367,26
4368,26
4369,26
4370,26
4371,26
4372,26
4373,26
4374,26
4375,26
4376,26
4377,26
4378,26
4379,26
4380,26
4381,26
4382,26
4383,26
4384,26
4385,26
4386,26
4387,26
4388,26
4389,26
4390,26
4391,26
4392,26
4393,26
4394,26
4395,26
4396,26
4397,26
4398,26
4399,26
4400,26
4401,26
4402,26
4403,26
4404,26
4405,26
4406,26
4407,26
4408,26
4409,26
4410,26
4411,26
4412,26
4413,26
4414,26
4415,26
4416,26
4417,26
4418,26
4419,26
4420,26
4421,26
4422,26
4423,26
4424,26
4425,26
4426,26
4427,26
4428,26
4429,26
4430,26
4431,26
4432,26
4433,26
4434,26
4435,26
4436,26
4437,26
4438,26
4439,26
4440,26
4441,26
4442,26
4443,26
4444,26
4445,26
4446,26
4447,26
4448,26
4449,26
4450,26
4451,26
4452,26
4453,26
4454,26
4455,26
4456,26
4457,26
4458,26
4459,26
4460,26
4461,26
4462,26
4463,26
4464,26
4465,26
4466,26
4467,26
4468,26
4469,26
4470,26
4471,26
4472,26
4473,26
4474,26
4475,26
4476,26
4477,26
4478,26
4479,26
4480,26
4481,26
4482,26
4483,26
4484,26
4485,26
4486,26
4487,26
4488,26
4489,26
4490,26
4491,26
4492,26
4493,26
4494,26
4495,26
4496,26
4497,26
4498,26
4499,26
4500,26
4501,26
4502,26
4503,26
4504,26
4505,26
4506,26
4507,26
4508,26
4509,26
4510,26
4511,26
4512,26
4513,26
4514,26
4515,26
4516,26
4517,26
4518,26
4519,26
4520,26
4521,26
4522,26
4523,26
4524,26
4525,26
4526,26
4527,26
4528,26
4529,26
4530,26
4531,26
4532,26
4533,26
4534,26
4535,26
4536,26
4537,26
4538,26
4539,26
4540,26
4541,26
4542,26
4543,26
4544,26
4545,26
4546,26
4547,26
4548,26
4549,26
4550,26
4551,26
4552,26
4553,26
4554,26
4555,26
4556,26
4557,26
4558,26
4559,26
4560,26
4561,26
4562,26
4563,26
4564,26
4565,26
4566,26
4567,26
4568,26
4569,26
4570,26
4571,26
4572,26
4573,26
4574,26
4575,26
4576,26
4577,26
4578,26
4579,26
4580,26
4581,26
4582,26
4583,26
4584,26
4585,26
4586,26
4587,26
4588,26
4589,26
4590,26
4591,26
4592,26
4593,26
4594,26
4595,26
4596,26
4597,26
4598,26
4599,26
4600,26
4601,26
4602,26
4603,26
4604,26
4605,26
4606,26
4607,26
4608,26
4609,26
4610,26
4611,26
4612,26
4613,26
4614,26
4615,26
4616,26
4617,26
4618,26
4619,26
4620,26
4621,26
4622,26
4623,26
4624,26
4625,26
4626,26
4627,26
4628,26
4629,26
4630,26
4631,26
4632,26
4633,26
4634,26
4635,26
4636,26
4637,26
4638,26
4639,26
4640,26
4641,26
4642,26
4643,26
4644,26
4645,26
4646,26
4647,26
4648,26
4649,26
4650,26
4651,26
4652,26
4653,26
4654,26
4655,26
4656,26
4657,26
4658,26
4659,26
4660,26
4661,26
4662,26
4663,26
4664,26
4665,26
4666,26
4667,26
4668,26
4669,26
4670,26
4671,26
4672,26
4673,26
4674,26
4675,26
4676,26
4677,26
4678,26
4679,26
4680,26
4681,26
4682,26
4683,26
4684,26
4685,26
4686,26
4687,26
4688,26
4689,26
4690,26
4691,26
4692,26
4693,26
4694,26
4695,26
4696,26
4697,26
4698,26
4699,26
4700,26
4701,26
4702,26
4703,26
4704,26
4705,26
4706,26
4707,26
4708,26
4709,26
4710,26
4711,26
4712,26
4713,26
4714,26
4715,26
4716,26
4717,26
4718,26
4719,26
4720,26
4721,26
4722,26
4723,26
4724,26
4725,26
4726,26
4727,26
4728,26
4729,26
4730,26
4731,26
4732,26
4733,26
4734,26
4735,26
4736,26
4737,26
4738,26
4739,26
4740,26
4741,26
4742,26
4743,26
4744,26
4745,26
4746,26
4747,26
4748,26
4749,26
4750,26
4751,26
4752,26
4753,26
4754,26
4755,26
4756,26
4757,26
4758,26
4759,26
4760,26
4761,26
4762,26
4763,26
4764,26
4765,26
4766,26
4767,26
4768,26
4769,26
4770,26
4771,26
4772,26
4773,26
4774,26
4775,26
4776,26
4777,26
4778,26
4779,26
4780,26
4781,26
4782,26
4783,26
4784,26
4785,26
4786,26
4787,26
4788,26
4789,26
4790,26
4791,26
4792,26
4793,26
4794,26
4795,26
4796,26
4797,26
4798,26
4799,26
4800,26
4801,26
4802,26
4803,26
4804,26
4805,26
4806,26
4807,26
4808,26
4809,26
4810,26
4811,26
4812,26
4813,26
4814,26
4815,26
4816,26
4817,26
4818,26
4819,26
4820,26
4821,26
4822,26
4823,26
4824,26
4825,26
4826,26
4827,26
4828,26
4829,26
4830,26
4831,26
4832,26
4833,26
4834,26
4835,26
4836,26
4837,26
4838,26
4839,26
4840,26
4841,26
4842,26
4843,26
4844,26
4845,26
4846,26
4847,26
4848,26
4849,26
4850,26
4851,26
4852,26
4853,26
4854,26
4855,26
4856,26
4857,26
4858,26
4859,26
4860,26
4861,26
4862,26
4863,26
4864,26
4865,26
4866,26
4867,26
4868,26
4869,26
4870,26
4871,26
4872,26
4873,26
4874,26
4875,26
4876,26
4877,26
4878,26
4879,26
4880,26
4881,26
4882,26
4883,26
4884,26
4885,26
4886,26
4887,26
4888,26
4889,26
4890,26
4891,26
4892,26
4893,26
4894,26
4895,26
4896,26
4897,26
4898,26
4899,26
4900,26
4901,26
4902,26
4903,26
4904,26
4905,26
4906,26
4907,26
4908,26
4909,26
4910,26
4911,26
4912,26
4913,26
4914,26
4915,26
4916,26
4917,26
4918,26
4919,26
4920,26
4921,26
4922,26
4923,26
4924,26
4925,26
4926,26
4927,26
4928,26
4929,26
4930,26
4931,26
4932,26
4933,26
4934,26
4935,26
4936,26
4937,26
4938,26
4939,26
4940,26
4941,26
4942,26
4943,26
4944,26
4945,26
4946,26
4947,26
4948,26
4949,26
4950,26
4951,26
4952,26
4953,26
4954,26
4955,26
4956,26
4957,26
4958,26
4959,26
4960,26
4961,26
4962,26
4963,26
4964,26
4965,26
4966,26
4967,26
4968,26
4969,26
4970,26
4971,26
4972,26
4973,26
4974,26
4975,26
4976,26
4977,26
4978,26
4979,26
4980,26
4981,26
4982,26
4983,26
4984,26
4985,26
4986,26
4987,26
4988,26
4989,26
4990,26
4991,26
4992,26
4993,26
4994,26
4995,26
4996,26
4997,26
4998,26
4999,26
5000,26
5001,26
5002,26
5003,26
5004,26
5005,26
5006,26
5007,26
5008,26
5009,26
5010,26
5011,26
5012,26
5013,26
5014,26
5015,26
5016,26
5017,26
5018,26
5019,26
5020,26
5021,26
5022,26
5023,26
5024,26
5025,26
5026,26
5027,26
5028,26
5029,26
5030,26
5031,26
5032,26
5033,26
5034,26
5035,26
5036,26
5037,26
5038,26
5039,26
5040,26
5041,26
5042,26
5043,26
5044,26
5045,26
5046,26
5047,26
5048,26
5049,26
5050,26
5051,26
5052,26
5053,26
5054,26
5055,26
5056,26
5057,26
5058,26
5059,26
5060,26
5061,26
5062,26
5063,27
5064,27
5065,27
5066,27
5067,27
5068,27
5069,27
5070,27
5071,27
5072,27
5073,27
5074,27
5075,27
5076,27
5077,27
5078,27
5079,27
5080,27
5081,27
5082,27
5083,27
5084,27
5085,27
5086,27
5087,27
5088,27
5089,27
5090,27
5091,27
5092,27
5093,27
5094,27
5095,27
5096,27
5097,27
5098,27
5099,27
5100,27
5101,27
5102,27
5103,27
5104,27
5105,27
5106,27
5107,27
5108,27
5109,27
5110,27
5111,27
5112,27
5113,27
5114,27
5115,27
5116,27
5117,27
5118,27
5119,27
5120,27
5121,27
5122,27
5123,27
5124,27
5125,27
5126,27
5127,27
5128,27
5129,27
5130,27
5131,27
5132,27
5133,27
5134,27
5135,27
5136,27
5137,27
5138,27
5139,27
5140,27
5141,27
5142,27
5143,27
5144,27
5145,27
5146,27
5147,27
5148,27
5149,27
5150,27
5151,27
5152,27
5153,27
5154,27
5155,27
5156,27
5157,27
5158,27
5159,27
5160,27
5161,27
5162,27
5163,27
5164,27
5165,27
5166,27
5167,27
5168,27
5169,27
5170,27
5171,27
5172,27
5173,27
5174,27
5175,27
5176,27
5177,27
5178,27
5179,27
5180,27
5181,27
5182,27
5183,27
5184,27
5185,27
5186,27
5187,27
5188,27
5189,27
5190,27
5191,27
5192,27
5193,27
5194,27
5195,27
5196,27
5197,27
5198,27
5199,27
5200,27
5201,27
5202,27
5203,27
5204,27
5205,27
5206,27
5207,27
5208,27
5209,27
5210,27
5211,27
5212,27
5213,27
5214,27
5215,27
5216,27
5217,27
5218,27
5219,27
5220,27
5221,27
5222,27
5223,27
5224,27
5225,27
5226,27
5227,27
5228,27
5229,27
5230,27
5231,27
5232,27
5233,27
5234,27
5235,27
5236,27
5237,27
5238,27
5239,27
5240,27
5241,27
5242,27
5243,27
5244,27
5245,27
5246,27
5247,27
5248,27
5249,27
5250,27
5251,27
5252,27
5253,27
5254,27
5255,27
5256,27
5257,27
5258,27
5259,27
5260,27
5261,27
5262,27
5263,27
5264,27
5265,27
5266,27
5267,27
5268,27
5269,27
5270,27
5271,27
5272,27
5273,27
5274,27
5275,27
5276,27
5277,27
5278,27
5279,27
5280,27
5281,27
5282,27
5283,27
5284,27
5285,27
5286,27
5287,27
5288,27
5289,27
5290,27
5291,27
5292,27
5293,27
5294,27
5295,27
5296,27
5297,27
5298,27
5299,27
5300,27
5301,27
5302,27
5303,27
5304,27
5305,27
5306,27
5307,27
5308,27
5309,27
5310,27
5311,27
5312,27
5313,27
5314,27
5315,27
5316,27
5317,27
5318,27
5319,27
5320,27
5321,27
5322,27
5323,27
5324,27
5325,27
5326,27
5327,27
5328,27
5329,27
5330,27
5331,27
5332,27
5333,27
5334,27
5335,27
5336,27
5337,27
5338,27
5339,27
5340,27
5341,27
5342,27
5343,27
5344,27
5345,27
5346,27
5347,27
5348,27
5349,27
5350,27
5351,27
5352,27
5353,27
5354,27
5355,27
5356,27
5357,27
5358,27
5359,27
5360,27
5361,27
5362,27
5363,27
5364,27
5365,27
5366,27
5367,27
5368,27
5369,27
5370,27
5371,27
5372,27
5373,27
5374,27
5375,27
5376,27
5377,27
5378,27
5379,27
5380,27
5381,27
5382,27
5383,27
5384,27
5385,27
5386,27
5387,27
5388,27
5389,27
5390,27
5391,27
5392,27
5393,27
5394,27
5395,27
5396,27
5397,27
5398,27
5399,27
5400,27
5401,27
5402,27
5403,27
5404,27
5405,27
5406,27
5407,27
5408,27
5409,27
5410,27
5411,27
5412,27
5413,27
5414,27
5415,27
5416,27
5417,27
5418,27
5419,27
5420,27
5421,27
5422,27
5423,27
5424,27
5425,27
5426,27
5427,27
5428,27
5429,27
5430,27
5431,27
5432,27
5433,27
5434,27
5435,27
5436,27
5437,27
5438,27
5439,27
5440,27
5441,27
5442,27
5443,27
5444,27
5445,27
5446,27
5447,27
5448,27
5449,27
5450,27
5451,27
5452,27
5453,27
5454,27
5455,27
5456,27
5457,27
5458,27
5459,27
5460,27
5461,27
5462,27
5463,27
5464,27
5465,27
5466,27
5467,27
5468,27
5469,27
5470,27
5471,27
5472,27
5473,27
5474,27
5475,27
5476,27
5477,27
5478,27
5479,27
5480,27
5481,27
5482,27
5483,27
5484,27
5485,27
5486,27
5487,27
5488,27
5489,27
5490,27
5491,27
5492,27
5493,27
5494,27
5495,27
5496,27
5497,27
5498,27
5499,27
5500,27
5501,27
5502,27
5503,27
5504,27
5505,27
5506,27
5507,27
5508,27
5509,27
5510,27
5511,27
5512,27
5513,27
5514,27
5515,27
5516,27
5517,27
5518,27
5519,27
5520,27
5521,27
5522,27
5523,27
5524,27
5525,27
5526,27
5527,27
5528,27
5529,27
5530,27
5531,27
5532,27
5533,27
5534,27
5535,27
5536,27
5537,27
5538,27
5539,27
5540,27
5541,27
5542,27
5543,27
5544,27
5545,27
5546,27
5547,27
5548,27
5549,27
5550,27
5551,27
5552,27
5553,27
5554,27
5555,27
5556,27
5557,27
5558,27
5559,27
5560,27
5561,27
5562,27
5563,27
5564,27
5565,27
5566,27
5567,27
5568,27
5569,27
5570,27
5571,27
5572,27
5573,27
5574,27
5575,27
5576,27
5577,27
5578,27
5579,27
5580,27
5581,27
5582,27
5583,27
5584,27
5585,27
5586,27
5587,27
5588,27
5589,27
5590,27
5591,27
5592,27
5593,27
5594,27
5595,27
5596,27
5597,27
5598,27
5599,27
5600,27
5601,27
5602,27
5603,27
5604,27
5605,27
5606,27
5607,27
5608,27
5609,27
5610,27
5611,27
5612,27
5613,27
5614,27
5615,27
5616,27
5617,27
5618,27
5619,27
5620,27
5621,27
5622,27
5623,27
5624,27
5625,27
5626,27
5627,27
5628,27
5629,27
5630,27
5631,27
5632,27
5633,27
5634,27
5635,27
5636,27
5637,27
5638,27
5639,27
5640,27
5641,27
5642,27
5643,27
5644,27
5645,27
5646,27
5647,27
5648,27
5649,27
5650,27
5651,27
5652,27
5653,27
5654,27
5655,27
5656,27
5657,27
5658,27
5659,27
5660,27
5661,27
5662,27
5663,27
5664,27
5665,27
5666,27
5667,27
5668,27
5669,27
5670,27
5671,27
5672,27
5673,27
5674,27
5675,27
5676,27
5677,27
5678,27
5679,27
5680,27
5681,27
5682,27
5683,27
5684,27
5685,27
5686,27
5687,27
5688,27
5689,27
5690,27
5691,27
5692,27
5693,27
5694,27
5695,27
5696,27
5697,27
5698,27
5699,27
5700,27
5701,27
5702,27
5703,27
5704,27
5705,27
5706,27
5707,27
5708,27
5709,27
5710,27
5711,27
5712,27
5713,27
5714,27
5715,27
5716,27
5717,27
5718,27
5719,27
5720,27
5721,27
5722,27
5723,27
5724,27
5725,27
5726,27
5727,27
5728,27
5729,27
5730,27
5731,27
5732,27
5733,27
5734,27
5735,27
5736,27
5737,27
5738,27
5739,27
5740,27
5741,27
5742,27
5743,27
5744,27
5745,27
5746,27
5747,27
5748,27
5749,27
5750,27
5751,27
5752,27
5753,27
5754,27
5755,27
5756,27
5757,27
5758,27
5759,27
5760,27
5761,27
5762,27
5763,27
5764,27
5765,27
5766,27
5767,27
5768,27
5769,27
5770,27
5771,27
5772,27
5773,27
5774,27
5775,27
5776,27
5777,27
5778,27
5779,27
5780,27
5781,27
5782,27
5783,27
5784,27
5785,27
5786,27
5787,27
5788,27
5789,27
5790,27
5791,27
5792,27
5793,27
5794,27
5795,27
5796,27
5797,27
5798,27
5799,27
5800,27
5801,27
5802,27
5803,27
5804,27
5805,27
5806,27
5807,27
5808,27
5809,27
5810,28
5811,28
5812,28
5813,28
5814,28
5815,28
5816,28
5817,28
5818,28
5819,28
5820,28
5821,28
5822,28
5823,28
5824,28
5825,28
5826,28
5827,28
5828,28
5829,28
5830,28
5831,28
5832,28
5833,28
5834,28
5835,28
5836,28
5837,28
5838,28
5839,28
5840,28
5841,28
5842,28
5843,28
5844,28
5845,28
5846,28
5847,28
5848,28
5849,28
5850,28
5851,28
5852,28
5853,28
5854,28
5855,28
5856,28
5857,28
5858,28
5859,28
5860,28
5861,28
5862,28
5863,28
5864,28
5865,28
5866,28
5867,28
5868,28
5869,28
5870,28
5871,28
5872,28
5873,28
5874,28
5875,28
5876,28
5877,28
5878,28
5879,28
5880,28
5881,28
5882,28
5883,28
5884,28
5885,28
5886,28
5887,28
5888,28
5889,28
5890,28
5891,28
5892,28
5893,28
5894,28
5895,28
5896,28
5897,28
5898,28
5899,28
5900,28
5901,28
5902,28
5903,28
5904,28
5905,28
5906,28
5907,28
5908,28
5909,28
5910,28
5911,28
5912,28
5913,28
5914,28
5915,28
5916,28
5917,28
5918,28
5919,28
5920,28
5921,28
5922,28
5923,28
5924,28
5925,28
5926,28
5927,28
5928,28
5929,28
5930,28
5931,28
5932,28
5933,28
5934,28
5935,28
5936,28
5937,28
5938,28
5939,28
5940,28
5941,28
5942,28
5943,28
5944,28
5945,28
5946,28
5947,28
5948,28
5949,28
5950,28
5951,28
5952,28
5953,28
5954,28
5955,28
5956,28
5957,28
5958,28
5959,28
5960,28
5961,28
5962,28
5963,28
5964,28
5965,28
5966,28
5967,28
5968,28
5969,28
5970,28
5971,28
5972,28
5973,28
5974,28
5975,28
5976,28
5977,28
5978,28
5979,28
5980,28
5981,28
5982,28
5983,28
5984,28
5985,28
5986,28
5987,28
5988,28
5989,28
5990,28
5991,28
5992,28
5993,28
5994,28
5995,28
5996,28
5997,28
5998,28
5999,28
6000,28
6001,28
6002,28
6003,28
6004,28
6005,28
6006,28
6007,28
6008,28
6009,28
6010,28
6011,28
6012,28
6013,28
6014,28
6015,28
6016,28
6017,28
6018,28
6019,28
6020,28
6021,28
6022,28
6023,28
6024,28
6025,28
6026,28
6027,28
6028,28
6029,28
6030,28
6031,28
6032,28
6033,28
6034,28
6035,28
6036,28
6037,28
6038,28
6039,28
6040,28
6041,28
6042,28
6043,28
6044,28
6045,28
6046,28
6047,28
6048,28
6049,28
6050,28
6051,28
6052,28
6053,28
6054,28
6055,28
6056,28
6057,28
6058,28
6059,28
6060,28
6061,28
6062,28
6063,28
6064,28
6065,28
6066,28
6067,28
6068,28
6069,28
6070,28
6071,28
6072,28
6073,28
6074,28
6075,28
6076,28
6077,28
6078,28
6079,28
6080,28
6081,28
6082,28
6083,28
6084,28
6085,28
6086,28
6087,28
6088,28
6089,28
6090,28
6091,28
6092,28
6093,28
6094,28
6095,28
6096,28
6097,28
6098,28
6099,28
6100,28
6101,28
6102,28
6103,28
6104,28
6105,28
6106,28
6107,28
6108,28
6109,28
6110,28
6111,28
6112,28
6113,28
6114,28
6115,28
6116,28
6117,28
6118,28
6119,28
6120,28
6121,28
6122,28
6123,28
6124,28
6125,28
6126,28
6127,28
6128,28
6129,28
6130,28
6131,28
6132,28
6133,28
6134,28
6135,28
6136,28
6137,28
6138,28
6139,28
6140,28
6141,28
6142,28
6143,28
6144,28
6145,28
6146,28
6147,28
6148,28
6149,28
6150,28
6151,28
6152,28
6153,28
6154,28
6155,28
6156,28
6157,28
6158,28
6159,28
6160,28
6161,28
6162,28
6163,28
6164,28
6165,28
6166,28
6167,28
6168,28
6169,28
6170,28
6171,28
6172,28
6173,28
6174,28
6175,28
6176,28
6177,28
6178,28
6179,28
6180,28
6181,28
6182,28
6183,28
6184,28
6185,28
6186,28
6187,28
6188,28
6189,28
6190,28
6191,28
6192,28
6193,28
6194,28
6195,28
6196,28
6197,28
6198,28
6199,28
6200,28
6201,28
6202,28
6203,28
6204,28
6205,28
6206,28
6207,28
6208,28
6209,28
6210,28
6211,28
6212,28
6213,28
6214,28
6215,28
6216,28
6217,28
6218,28
6219,28
6220,28
6221,28
6222,28
6223,28
6224,28
6225,28
6226,28
6227,28
6228,28
6229,28
6230,28
6231,28
6232,28
6233,28
6234,28
6235,28
6236,28
6237,28
6238,28
6239,28
6240,28
6241,28
6242,28
6243,28
6244,28
6245,28
6246,28
6247,28
6248,28
6249,28
6250,28
6251,28
6252,28
6253,28
6254,28
6255,28
6256,28
6257,28
6258,28
6259,28
6260,28
6261,28
6262,28
6263,28
6264,28
6265,28
6266,28
6267,28
6268,28
6269,28
6270,28
6271,28
6272,28
6273,28
6274,28
6275,28
6276,28
6277,28
6278,28
6279,28
6280,28
6281,28
6282,28
6283,28
6284,28
6285,28
6286,28
6287,28
6288,28
6289,28
6290,28
6291,28
6292,28
6293,28
6294,28
6295,28
6296,28
6297,28
6298,28
6299,28
6300,28
6301,28
6302,28
6303,28
6304,28
6305,28
6306,28
6307,28
6308,28
6309,28
6310,28
6311,28
6312,28
6313,28
6314,28
6315,28
6316,28
6317,28
6318,28
6319,28
6320,28
6321,28
6322,28
6323,28
6324,28
6325,28
6326,28
6327,28
6328,28
6329,28
6330,28
6331,28
6332,28
6333,28
6334,28
6335,28
6336,28
6337,28
6338,28
6339,28
6340,28
6341,28
6342,28
6343,28
6344,28
6345,28
6346,28
6347,28
6348,28
6349,28
6350,28
6351,28
6352,28
6353,28
6354,28
6355,28
6356,28
6357,28
6358,28
6359,28
6360,28
6361,28
6362,28
6363,28
6364,28
6365,28
6366,28
6367,28
6368,28
6369,28
6370,28
6371,28
6372,28
6373,28
6374,28
6375,28
6376,28
6377,28
6378,28
6379,28
6380,28
6381,28
6382,28
6383,28
6384,28
6385,28
6386,28
6387,28
6388,28
6389,28
6390,28
6391,28
6392,28
6393,28
6394,28
6395,28
6396,28
6397,28
6398,28
6399,28
6400,28
6401,28
6402,28
6403,28
6404,28
6405,28
6406,28
6407,28
6408,28
6409,28
6410,28
6411,28
6412,28
6413,28
6414,28
6415,28
6416,28
6417,28
6418,28
6419,28
6420,28
6421,28
6422,28
6423,28
6424,28
6425,28
6426,28
6427,28
6428,28
6429,28
6430,28
6431,28
6432,28
6433,28
6434,28
6435,28
6436,28
6437,28
6438,28
6439,28
6440,28
6441,28
6442,28
6443,28
6444,28
6445,28
6446,28
6447,28
6448,28
6449,28
6450,28
6451,28
6452,28
6453,28
6454,28
6455,28
6456,28
6457,28
6458,28
6459,28
6460,28
6461,28
6462,28
6463,28
6464,28
6465,28
6466,28
6467,28
6468,28
6469,28
6470,28
6471,28
6472,28
6473,28
6474,28
6475,28
6476,28
6477,28
6478,28
6479,28
6480,28
6481,28
6482,28
6483,28
6484,28
6485,28
6486,28
6487,28
6488,28
6489,28
6490,28
6491,28
6492,28
6493,28
6494,28
6495,28
6496,28
6497,28
6498,28
6499,28
6500,28
6501,28
6502,28
6503,28
6504,28
6505,28
6506,28
6507,28
6508,28
6509,28
6510,28
6511,28
6512,28
6513,28
6514,28
6515,28
6516,28
6517,28
6518,28
6519,28
6520,28
6521,28
6522,28
6523,28
6524,28
6525,28
6526,28
6527,28
6528,28
6529,28
6530,28
6531,28
6532,28
6533,28
6534,28
6535,28
6536,28
6537,28
6538,28
6539,28
6540,28
6541,28
6542,28
6543,28
6544,28
6545,28
6546,28
6547,28
6548,28
6549,28
6550,28
6551,28
6552,28
6553,28
6554,28
6555,28
6556,28
6557,28
6558,28
6559,28
6560,28
6561,28
6562,28
6563,28
6564,28
6565,28
6566,28
6567,28
6568,28
6569,28
6570,28
6571,28
6572,28
6573,28
6574,28
6575,28
6576,28
6577,29
6578,29
6579,29
6580,29
6581,29
6582,29
6583,29
6584,29
6585,29
6586,29
6587,29
6588,29
6589,29
6590,29
6591,29
6592,29
6593,29
6594,29
6595,29
6596,29
6597,29
6598,29
6599,29
6600,29
6601,29
6602,29
6603,29
6604,29
6605,29
6606,29
6607,29
6608,29
6609,29
6610,29
6611,29
6612,29
6613,29
6614,29
6615,29
6616,29
6617,29
6618,29
6619,29
6620,29
6621,29
6622,29
6623,29
6624,29
6625,29
6626,29
6627,29
6628,29
6629,29
6630,29
6631,29
6632,29
6633,29
6634,29
6635,29
6636,29
6637,29
6638,29
6639,29
6640,29
6641,29
6642,29
6643,29
6644,29
6645,29
6646,29
6647,29
6648,29
6649,29
6650,29
6651,29
6652,29
6653,29
6654,29
6655,29
6656,29
6657,29
6658,29
6659,29
6660,29
6661,29
6662,29
6663,29
6664,29
6665,29
6666,29
6667,29
6668,29
6669,29
6670,29
6671,29
6672,29
6673,29
6674,29
6675,29
6676,29
6677,29
6678,29
6679,29
6680,29
6681,29
6682,29
6683,29
6684,29
6685,29
6686,29
6687,29
6688,29
6689,29
6690,29
6691,29
6692,29
6693,29
6694,29
6695,29
6696,29
6697,29
6698,29
6699,29
6700,29
6701,29
6702,29
6703,29
6704,29
6705,29
6706,29
6707,29
6708,29
6709,29
6710,29
6711,29
6712,29
6713,29
6714,29
6715,29
6716,29
6717,29
6718,29
6719,29
6720,29
6721,29
6722,29
6723,29
6724,29
6725,29
6726,29
6727,29
6728,29
6729,29
6730,29
6731,29
6732,29
6733,29
6734,29
6735,29
6736,29
6737,29
6738,29
6739,29
6740,29
6741,29
6742,29
6743,29
6744,29
6745,29
6746,29
6747,29
6748,29
6749,29
6750,29
6751,29
6752,29
6753,29
6754,29
6755,29
6756,29
6757,29
6758,29
6759,29
6760,29
6761,29
6762,29
6763,29
6764,29
6765,29
6766,29
6767,29
6768,29
6769,29
6770,29
6771,29
6772,29
6773,29
6774,29
6775,29
6776,29
6777,29
6778,29
6779,29
6780,29
6781,29
6782,29
6783,29
6784,29
6785,29
6786,29
6787,29
6788,29
6789,29
6790,29
6791,29
6792,29
6793,29
6794,29
6795,29
6796,29
6797,29
6798,29
6799,29
6800,29
6801,29
6802,29
6803,29
6804,29
6805,29
6806,29
6807,29
6808,29
6809,29
6810,29
6811,29
6812,29
6813,29
6814,29
6815,29
6816,29
6817,29
6818,29
6819,29
6820,29
6821,29
6822,29
6823,29
6824,29
6825,29
6826,29
6827,29
6828,29
6829,29
6830,29
6831,29
6832,29
6833,29
6834,29
6835,29
6836,29
6837,29
6838,29
6839,29
6840,29
6841,29
6842,29
6843,29
6844,29
6845,29
6846,29
6847,29
6848,29
6849,29
6850,29
6851,29
6852,29
6853,29
6854,29
6855,29
6856,29
6857,29
6858,29
6859,29
6860,29
6861,29
6862,29
6863,29
6864,29
6865,29
6866,29
6867,29
6868,29
6869,29
6870,29
6871,29
6872,29
6873,29
6874,29
6875,29
6876,29
6877,29
6878,29
6879,29
6880,29
6881,29
6882,29
6883,29
6884,29
6885,29
6886,29
6887,29
6888,29
6889,29
6890,29
6891,29
6892,29
6893,29
6894,29
6895,29
6896,29
6897,29
6898,29
6899,29
6900,29
6901,29
6902,29
6903,29
6904,29
6905,29
6906,29
6907,29
6908,29
6909,29
6910,29
6911,29
6912,29
6913,29
6914,29
6915,29
6916,29
6917,29
6918,29
6919,29
6920,29
6921,29
6922,29
6923,29
6924,29
6925,29
6926,29
6927,29
6928,29
6929,29
6930,29
6931,29
6932,29
6933,29
6934,29
6935,29
6936,29
6937,29
6938,29
6939,29
6940,29
6941,29
6942,29
6943,29
6944,29
6945,29
6946,29
6947,29
6948,29
6949,29
6950,29
6951,29
6952,29
6953,29
6954,29
6955,29
6956,29
6957,29
6958,29
6959,29
6960,29
6961,29
6962,29
6963,29
6964,29
6965,29
6966,29
6967,29
6968,29
6969,29
6970,29
6971,29
6972,29
6973,29
6974,29
6975,29
6976,29
6977,29
6978,29
6979,29
6980,29
6981,29
6982,29
6983,29
6984,29
6985,29
6986,29
6987,29
6988,29
6989,29
6990,29
6991,29
6992,29
6993,29
6994,29
6995,29
6996,29
6997,29
6998,29
6999,29
7000,29
7001,29
7002,29
7003,29
7004,29
7005,29
7006,29
7007,29
7008,29
7009,29
7010,29
7011,29
7012,29
7013,29
7014,29
7015,29
7016,29
7017,29
7018,29
7019,29
7020,29
7021,29
7022,29
7023,29
7024,29
7025,29
7026,29
7027,29
7028,29
7029,29
7030,29
7031,29
7032,29
7033,29
7034,29
7035,29
7036,29
7037,29
7038,29
7039,29
7040,29
7041,29
7042,29
7043,29
7044,29
7045,29
7046,29
7047,29
7048,29
7049,29
7050,29
7051,29
7052,29
7053,29
7054,29
7055,29
7056,29
7057,29
7058,29
7059,29
7060,29
7061,29
7062,29
7063,29
7064,29
7065,29
7066,29
7067,29
7068,29
7069,29
7070,29
7071,29
7072,29
7073,29
7074,29
7075,29
7076,29
7077,29
7078,29
7079,29
7080,29
7081,29
7082,29
7083,29
7084,29
7085,29
7086,29
7087,29
7088,29
7089,29
7090,29
7091,29
7092,29
7093,29
7094,29
7095,29
7096,29
7097,29
7098,29
7099,29
7100,29
7101,29
7102,29
7103,29
7104,29
7105,29
7106,29
7107,29
7108,29
7109,29
7110,29
7111,29
7112,29
7113,29
7114,29
7115,29
7116,29
7117,29
7118,29
7119,29
7120,29
7121,29
7122,29
7123,29
7124,29
7125,29
7126,29
7127,29
7128,29
7129,29
7130,29
7131,29
7132,29
7133,29
7134,29
7135,29
7136,29
7137,29
7138,29
7139,29
7140,29
7141,29
7142,29
7143,29
7144,29
7145,29
7146,29
7147,29
7148,29
7149,29
7150,29
7151,29
7152,29
7153,29
7154,29
7155,29
7156,29
7157,29
7158,29
7159,29
7160,29
7161,29
7162,29
7163,29
7164,29
7165,29
7166,29
7167,29
7168,29
7169,29
7170,29
7171,29
7172,29
7173,29
7174,29
7175,29
7176,29
7177,29
7178,29
7179,29
7180,29
7181,29
7182,29
7183,29
7184,29
7185,29
7186,29
7187,29
7188,29
7189,29
7190,29
7191,29
7192,29
7193,29
7194,29
7195,29
7196,29
7197,29
7198,29
7199,29
7200,29
7201,29
7202,29
7203,29
7204,29
7205,29
7206,29
7207,29
7208,29
7209,29
7210,29
7211,29
7212,29
7213,29
7214,29
7215,29
7216,29
7217,29
7218,29
7219,29
7220,29
7221,29
7222,29
7223,29
7224,29
7225,29
7226,29
7227,29
7228,29
7229,29
7230,29
7231,29
7232,29
7233,29
7234,29
7235,29
7236,29
7237,29
7238,29
7239,29
7240,29
7241,29
7242,29
7243,29
7244,29
7245,29
7246,29
7247,29
7248,29
7249,29
7250,29
7251,29
7252,29
7253,29
7254,29
7255,29
7256,29
7257,29
7258,29
7259,29
7260,29
7261,29
7262,29
7263,29
7264,29
7265,29
7266,29
7267,29
7268,29
7269,29
7270,29
7271,29
7272,29
7273,29
7274,29
7275,29
7276,29
7277,29
7278,29
7279,29
7280,29
7281,29
7282,29
7283,29
7284,29
7285,29
7286,29
7287,29
7288,29
7289,29
7290,29
7291,29
7292,29
7293,29
7294,29
7295,29
7296,29
7297,29
7298,29
7299,29
7300,29
7301,29
7302,29
7303,29
7304,29
7305,30
7306,30
7307,30
7308,30
7309,30
7310,30
7311,30
7312,30
7313,30
7314,30
7315,30
7316,30
7317,30
7318,30
7319,30
7320,30
7321,30
7322,30
7323,30
7324,30
7325,30
7326,30
7327,30
7328,30
7329,30
7330,30
7331,30
7332,30
7333,30
7334,30
7335,30
7336,30
7337,30
7338,30
7339,30
7340,30
7341,30
7342,30
7343,30
7344,30
7345,30
7346,30
7347,30
7348,30
7349,30
7350,30
7351,30
7352,30
7353,30
7354,30
7355,30
7356,30
7357,30
7358,30
7359,30
7360,30
7361,30
7362,30
7363,30
7364,30
7365,30
7366,30
7367,30
7368,30
7369,30
7370,30
7371,30
7372,30
7373,30
7374,30
7375,30
7376,30
7377,30
7378,30
7379,30
7380,30
7381,30
7382,30
7383,30
7384,30
7385,30
7386,30
7387,30
7388,30
7389,30
7390,30
7391,30
7392,30
7393,30
7394,30
7395,30
7396,30
7397,30
7398,30
7399,30
7400,30
7401,30
7402,30
7403,30
7404,30
7405,30
7406,30
7407,30
7408,30
7409,30
7410,30
7411,30
7412,30
7413,30
7414,30
7415,30
7416,30
7417,30
7418,30
7419,30
7420,30
7421,30
7422,30
7423,30
7424,30
7425,30
7426,30
7427,30
7428,30
7429,30
7430,30
7431,30
7432,30
7433,30
7434,30
7435,30
7436,30
7437,30
7438,30
7439,30
7440,30
7441,30
7442,30
7443,30
7444,30
7445,30
7446,30
7447,30
7448,30
7449,30
7450,30
7451,30
7452,30
7453,30
7454,30
7455,30
7456,30
7457,30
7458,30
7459,30
7460,30
7461,30
7462,30
7463,30
7464,30
7465,30
7466,30
7467,30
7468,30
7469,30
7470,30
7471,30
7472,30
7473,30
7474,30
7475,30
7476,30
7477,30
7478,30
7479,30
7480,30
7481,30
7482,30
7483,30
7484,30
7485,30
7486,30
7487,30
7488,30
7489,30
7490,30
7491,30
7492,30
7493,30
7494,30
7495,30
7496,30
7497,30
7498,30
7499,30
7500,30
7501,30
7502,30
7503,30
7504,30
7505,30
7506,30
7507,30
7508,30
7509,30
7510,30
7511,30
7512,30
7513,30
7514,30
7515,30
7516,30
7517,30
7518,30
7519,30
7520,30
7521,30
7522,30
7523,30
7524,30
7525,30
7526,30
7527,30
7528,30
7529,30
7530,30
7531,30
7532,30
7533,30
7534,30
7535,30
7536,30
7537,30
7538,30
7539,30
7540,30
7541,30
7542,30
7543,30
7544,30
7545,30
7546,30
7547,30
7548,30
7549,30
7550,30
7551,30
7552,30
7553,30
7554,30
7555,30
7556,30
7557,30
7558,30
7559,30
7560,30
7561,30
7562,30
7563,30
7564,30
7565,30
7566,30
7567,30
7568,30
7569,30
7570,30
7571,30
7572,30
7573,30
7574,30
7575,30
7576,30
7577,30
7578,30
7579,30
7580,30
7581,30
7582,30
7583,30
7584,30
7585,30
7586,30
7587,30
7588,30
7589,30
7590,30
7591,30
7592,30
7593,30
7594,30
7595,30
7596,30
7597,30
7598,30
7599,30
7600,30
7601,30
7602,30
7603,30
7604,30
7605,30
7606,30
7607,30
7608,30
7609,30
7610,30
7611,30
7612,30
7613,30
7614,30
7615,30
7616,30
7617,30
7618,30
7619,30
7620,30
7621,30
7622,30
7623,30
7624,30
7625,30
7626,30
7627,30
7628,30
7629,30
7630,30
7631,30
7632,30
7633,30
7634,30
7635,30
7636,30
7637,30
7638,30
7639,30
7640,30
7641,30
7642,30
7643,30
7644,30
7645,30
7646,30
7647,30
7648,30
7649,30
7650,30
7651,30
7652,30
7653,30
7654,30
7655,30
7656,30
7657,30
7658,30
7659,30
7660,30
7661,30
7662,30
7663,30
7664,30
7665,30
7666,30
7667,30
7668,30
7669,30
7670,30
7671,30
7672,30
7673,30
7674,30
7675,30
7676,30
7677,30
7678,30
7679,30
7680,30
7681,30
7682,30
7683,30
7684,30
7685,30
7686,30
7687,30
7688,30
7689,30
7690,30
7691,30
7692,30
7693,30
7694,30
7695,30
7696,30
7697,30
7698,30
7699,30
7700,30
7701,30
7702,30
7703,30
7704,30
7705,30
7706,30
7707,30
7708,30
7709,30
7710,30
7711,30
7712,30
7713,30
7714,30
7715,30
7716,30
7717,30
7718,30
7719,30
7720,30
7721,30
7722,30
7723,30
7724,30
7725,30
7726,30
7727,30
7728,30
7729,30
7730,30
7731,30
7732,30
7733,30
7734,30
7735,30
7736,30
7737,30
7738,30
7739,30
7740,30
7741,30
7742,30
7743,30
7744,30
7745,30
7746,30
7747,30
7748,30
7749,30
7750,30
7751,30
7752,30
7753,30
7754,30
7755,30
7756,30
7757,30
7758,30
7759,30
7760,30
7761,30
7762,30
7763,30
7764,30
7765,30
7766,30
7767,30
7768,30
7769,30
7770,30
7771,30
7772,30
7773,30
7774,30
7775,30
7776,30
7777,30
7778,30
7779,30
7780,30
7781,30
7782,30
7783,30
7784,30
7785,30
7786,30
7787,30
7788,30
7789,30
7790,30
7791,30
7792,30
7793,30
7794,30
7795,30
7796,30
7797,30
7798,30
7799,30
7800,30
7801,30
7802,30
7803,30
7804,30
7805,30
7806,30
7807,30
7808,30
7809,30
7810,30
7811,30
7812,30
7813,30
7814,30
7815,30
7816,30
7817,30
7818,30
7819,30
7820,30
7821,30
7822,30
7823,30
7824,30
7825,30
7826,30
7827,30
7828,30
7829,30
7830,30
7831,30
7832,30
7833,30
7834,30
7835,30
7836,30
7837,30
7838,30
7839,30
7840,30
7841,30
7842,30
7843,30
7844,30
7845,30
7846,30
7847,30
7848,30
7849,30
7850,30
7851,30
7852,30
7853,30
7854,30
7855,30
7856,30
7857,30
7858,30
7859,30
7860,30
7861,30
7862,30
7863,30
7864,30
7865,30
7866,30
7867,30
7868,30
7869,30
7870,30
7871,30
7872,30
7873,30
7874,30
7875,30
7876,30
7877,30
7878,30
7879,30
7880,30
7881,30
7882,30
7883,30
7884,30
7885,30
7886,30
7887,30
7888,30
7889,30
7890,30
7891,30
7892,30
7893,30
7894,30
7895,30
7896,30
7897,30
7898,30
7899,30
7900,30
7901,30
7902,30
7903,30
7904,30
7905,30
7906,30
7907,30
7908,30
7909,30
7910,30
7911,30
7912,30
7913,30
7914,30
7915,30
7916,30
7917,30
7918,30
7919,30
7920,30
7921,30
7922,30
7923,30
7924,30
7925,30
7926,30
7927,30
7928,30
7929,30
7930,30
7931,30
7932,30
7933,30
7934,30
7935,30
7936,30
7937,30
7938,30
7939,30
7940,30
7941,30
7942,30
7943,30
7944,30
7945,30
7946,31
7947,31
7948,31
7949,31
7950,31
7951,31
7952,31
7953,31
7954,31
7955,31
7956,31
7957,31
7958,31
7959,31
7960,31
7961,31
7962,31
7963,31
7964,31
7965,31
7966,31
7967,31
7968,31
7969,31
7970,31
7971,31
7972,31
7973,31
7974,31
7975,31
7976,31
7977,31
7978,31
7979,31
7980,31
7981,31
7982,31
7983,31
7984,31
7985,31
7986,31
7987,31
7988,31
7989,31
7990,31
7991,31
7992,31
7993,31
7994,31
7995,31
7996,31
7997,31
7998,31
7999,31
8000,31
8001,31
8002,31
8003,31
8004,31
8005,31
8006,31
8007,31
8008,31
8009,31
8010,31
8011,31
8012,31
8013,31
8014,31
8015,31
8016,31
8017,31
8018,31
8019,31
8020,31
8021,31
8022,31
8023,31
8024,31
8025,31
8026,31
8027,31
8028,31
8029,31
8030,31
8031,31
8032,31
8033,31
8034,31
8035,31
8036,31
8037,31
8038,31
8039,31
8040,31
8041,31
8042,31
8043,31
8044,31
8045,31
8046,31
8047,31
8048,31
8049,31
8050,31
8051,31
8052,31
8053,31
8054,31
8055,31
8056,31
8057,31
8058,31
8059,31
8060,31
8061,31
8062,31
8063,31
8064,31
8065,31
8066,31
8067,31
8068,31
8069,31
8070,31
8071,31
8072,31
8073,31
8074,31
8075,31
8076,31
8077,31
8078,31
8079,31
8080,31
8081,31
8082,31
8083,31
8084,31
8085,31
8086,31
8087,31
8088,31
8089,31
8090,31
8091,31
8092,31
8093,31
8094,31
8095,31
8096,31
8097,31
8098,31
8099,31
8100,31
8101,31
8102,31
8103,31
8104,31
8105,31
8106,31
8107,31
8108,31
8109,31
8110,31
8111,31
8112,31
8113,31
8114,31
8115,31
8116,31
8117,31
8118,31
8119,31
8120,31
8121,31
8122,31
8123,31
8124,31
8125,31
8126,31
8127,31
8128,31
8129,31
8130,31
8131,31
8132,31
8133,31
8134,31
8135,31
8136,31
8137,31
8138,31
8139,31
8140,31
8141,31
8142,31
8143,31
8144,31
8145,31
8146,31
8147,31
8148,31
8149,31
8150,31
8151,31
8152,31
8153,31
8154,31
8155,31
8156,31
8157,31
8158,31
8159,31
8160,31
8161,31
8162,31
8163,31
8164,31
8165,31
8166,31
8167,31
8168,31
8169,31
8170,31
8171,31
8172,31
8173,31
8174,31
8175,31
8176,31
8177,31
8178,31
8179,31
8180,31
8181,31
8182,31
8183,31
8184,31
8185,31
8186,31
8187,31
8188,31
8189,31
8190,31
8191,31
8192,31
8193,31
8194,31
8195,31
8196,31
8197,31
8198,31
8199,31
8200,31
8201,31
8202,31
8203,31
8204,31
8205,31
8206,31
8207,31
8208,31
8209,31
8210,31
8211,31
8212,31
8213,31
8214,31
8215,31
8216,31
8217,31
8218,31
8219,31
8220,31
8221,31
8222,31
8223,31
8224,31
8225,31
8226,31
8227,31
8228,31
8229,31
8230,31
8231,31
8232,31
8233,31
8234,31
8235,31
8236,31
8237,31
8238,31
8239,31
8240,31
8241,31
8242,31
8243,31
8244,31
8245,31
8246,31
8247,31
8248,31
8249,31
8250,31
8251,31
8252,31
8253,31
8254,31
8255,31
8256,31
8257,31
8258,31
8259,31
8260,31
8261,31
8262,31
8263,31
8264,31
8265,31
8266,31
8267,31
8268,31
8269,31
8270,31
8271,31
8272,31
8273,31
8274,31
8275,31
8276,31
8277,31
8278,31
8279,31
8280,31
8281,31
8282,31
8283,31
8284,31
8285,31
8286,31
8287,31
8288,31
8289,31
8290,31
8291,31
8292,31
8293,31
8294,31
8295,31
8296,31
8297,31
8298,31
8299,31
8300,31
8301,31
8302,31
8303,31
8304,31
8305,31
8306,31
8307,31
8308,31
8309,31
8310,31
8311,31
8312,31
8313,31
8314,31
8315,31
8316,31
8317,31
8318,31
8319,31
8320,31
8321,31
8322,31
8323,31
8324,31
8325,31
8326,31
8327,31
8328,31
8329,31
8330,31
8331,31
8332,31
8333,31
8334,31
8335,31
8336,31
8337,31
8338,31
8339,31
8340,31
8341,31
8342,31
8343,31
8344,31
8345,31
8346,31
8347,31
8348,31
8349,31
8350,31
8351,31
8352,31
8353,31
8354,31
8355,31
8356,31
8357,31
8358,31
8359,31
8360,31
8361,31
8362,31
8363,31
8364,31
8365,31
8366,31
8367,31
8368,31
8369,31
8370,31
8371,31
8372,31
8373,31
8374,31
8375,31
8376,31
8377,31
8378,31
8379,31
8380,31
8381,31
8382,31
8383,31
8384,31
8385,31
8386,31
8387,31
8388,31
8389,31
8390,31
8391,31
8392,31
8393,31
8394,31
8395,31
8396,31
8397,31
8398,31
8399,31
8400,31
8401,31
8402,31
8403,31
8404,31
8405,31
8406,31
8407,31
8408,31
8409,31
8410,31
8411,31
8412,31
8413,31
8414,31
8415,31
8416,31
8417,31
8418,31
8419,31
8420,31
8421,31
8422,31
8423,31
8424,31
8425,31
8426,31
8427,31
8428,31
8429,31
8430,31
8431,31
8432,31
8433,31
8434,31
8435,31
8436,31
8437,31
8438,31
8439,31
8440,31
8441,31
8442,31
8443,31
8444,31
8445,31
8446,31
8447,31
8448,31
8449,31
8450,31
8451,31
8452,31
8453,31
8454,31
8455,31
8456,31
8457,31
8458,31
8459,31
8460,31
8461,31
8462,31
8463,31
8464,31
8465,31
8466,31
8467,31
8468,31
8469,31
8470,32
8471,32
8472,32
8473,32
8474,32
8475,32
8476,32
8477,32
8478,32
8479,32
8480,32
8481,32
8482,32
8483,32
8484,32
8485,32
8486,32
8487,32
8488,32
8489,32
8490,32
8491,32
8492,32
8493,32
8494,32
8495,32
8496,32
8497,32
8498,32
8499,32
8500,32
8501,32
8502,32
8503,32
8504,32
8505,32
8506,32
8507,32
8508,32
8509,32
8510,32
8511,32
8512,32
8513,32
8514,32
8515,32
8516,32
8517,32
8518,32
8519,32
8520,32
8521,32
8522,32
8523,32
8524,32
8525,32
8526,32
8527,32
8528,32
8529,32
8530,32
8531,32
8532,32
8533,32
8534,32
8535,32
8536,32
8537,32
8538,32
8539,32
8540,32
8541,32
8542,32
8543,32
8544,32
8545,32
8546,32
8547,32
8548,32
8549,32
8550,32
8551,32
8552,32
8553,32
8554,32
8555,32
8556,32
8557,32
8558,32
8559,32
8560,32
8561,32
8562,32
8563,32
8564,32
8565,32
8566,32
8567,32
8568,32
8569,32
8570,32
8571,32
8572,32
8573,32
8574,32
8575,32
8576,32
8577,32
8578,32
8579,32
8580,32
8581,32
8582,32
8583,32
8584,32
8585,32
8586,32
8587,32
8588,32
8589,32
8590,32
8591,32
8592,32
8593,32
8594,32
8595,32
8596,32
8597,32
8598,32
8599,32
8600,32
8601,32
8602,32
8603,32
8604,32
8605,32
8606,32
8607,32
8608,32
8609,32
8610,32
8611,32
8612,32
8613,32
8614,32
8615,32
8616,32
8617,32
8618,32
8619,32
8620,32
8621,32
8622,32
8623,32
8624,32
8625,32
8626,32
8627,32
8628,32
8629,32
8630,32
8631,32
8632,32
8633,32
8634,32
8635,32
8636,32
8637,32
8638,32
8639,32
8640,32
8641,32
8642,32
8643,32
8644,32
8645,32
8646,32
8647,32
8648,32
8649,32
8650,32
8651,32
8652,32
8653,32
8654,32
8655,32
8656,32
8657,32
8658,32
8659,32
8660,32
8661,32
8662,32
8663,32
8664,32
8665,32
8666,32
8667,32
8668,32
8669,32
8670,32
8671,32
8672,32
8673,32
8674,32
8675,32
8676,32
8677,32
8678,32
8679,32
8680,32
8681,32
8682,32
8683,32
8684,32
8685,32
8686,32
8687,32
8688,32
8689,32
8690,32
8691,32
8692,32
8693,32
8694,32
8695,32
8696,32
8697,32
8698,32
8699,32
8700,32
8701,32
8702,32
8703,32
8704,32
8705,32
8706,32
8707,32
8708,32
8709,32
8710,32
8711,32
8712,32
8713,32
8714,32
8715,32
8716,32
8717,32
8718,32
8719,32
8720,32
8721,32
8722,32
8723,32
8724,32
8725,32
8726,32
8727,32
8728,32
8729,32
8730,32
8731,32
8732,32
8733,32
8734,32
8735,32
8736,32
8737,32
8738,32
8739,32
8740,32
8741,32
8742,32
8743,32
8744,32
8745,32
8746,32
8747,32
8748,32
8749,32
8750,32
8751,32
8752,32
8753,32
8754,32
8755,32
8756,32
8757,32
8758,32
8759,32
8760,32
8761,32
8762,32
8763,32
8764,32
8765,32
8766,32
8767,32
8768,32
8769,32
8770,32
8771,32
8772,32
8773,32
8774,32
8775,32
8776,32
8777,32
8778,32
8779,32
8780,32
8781,32
8782,32
8783,32
8784,32
8785,32
8786,32
8787,32
8788,32
8789,32
8790,32
8791,32
8792,32
8793,32
8794,32
8795,32
8796,32
8797,32
8798,32
8799,32
8800,32
8801,32
8802,32
8803,32
8804,32
8805,32
8806,32
8807,32
8808,32
8809,32
8810,32
8811,32
8812,32
8813,32
8814,32
8815,32
8816,32
8817,32
8818,32
8819,32
8820,32
8821,32
8822,32
8823,32
8824,32
8825,32
8826,32
8827,32
8828,32
8829,32
8830,32
8831,32
8832,32
8833,32
8834,32
8835,32
8836,32
8837,32
8838,32
8839,32
8840,32
8841,32
8842,32
8843,32
8844,32
8845,32
8846,32
8847,32
8848,32
8849,32
8850,32
8851,32
8852,32
8853,32
8854,32
8855,32
8856,32
8857,32
8858,32
8859,32
8860,32
8861,32
8862,32
8863,32
8864,32
8865,33
8866,33
8867,33
8868,33
8869,33
8870,33
8871,33
8872,33
8873,33
8874,33
8875,33
8876,33
8877,33
8878,33
8879,33
8880,33
8881,33
8882,33
8883,33
8884,33
8885,33
8886,33
8887,33
8888,33
8889,33
8890,33
8891,33
8892,33
8893,33
8894,33
8895,33
8896,33
8897,33
8898,33
8899,33
8900,33
8901,33
8902,33
8903,33
8904,33
8905,33
8906,33
8907,33
8908,33
8909,33
8910,33
8911,33
8912,33
8913,33
8914,33
8915,33
8916,33
8917,33
8918,33
8919,33
8920,33
8921,33
8922,33
8923,33
8924,33
8925,33
8926,33
8927,33
8928,33
8929,33
8930,33
8931,33
8932,33
8933,33
8934,33
8935,33
8936,33
8937,33
8938,33
8939,33
8940,33
8941,33
8942,33
8943,33
8944,33
8945,33
8946,33
8947,33
8948,33
8949,33
8950,33
8951,33
8952,33
8953,33
8954,33
8955,33
8956,33
8957,33
8958,33
8959,33
8960,33
8961,33
8962,33
8963,33
8964,33
8965,33
8966,33
8967,33
8968,33
8969,33
8970,33
8971,33
8972,33
8973,33
8974,33
8975,33
8976,33
8977,33
8978,33
8979,33
8980,33
8981,33
8982,33
8983,33
8984,33
8985,33
8986,33
8987,33
8988,33
8989,33
8990,33
8991,33
8992,33
8993,33
8994,33
8995,33
8996,33
8997,33
8998,33
8999,33
9000,33
9001,33
9002,33
9003,33
9004,33
9005,33
9006,33
9007,33
9008,33
9009,33
9010,33
9011,33
9012,33
9013,33
9014,33
9015,33
9016,33
9017,33
9018,33
9019,33
9020,33
9021,33
9022,33
9023,33
9024,33
9025,33
9026,33
9027,33
9028,33
9029,33
9030,33
9031,33
9032,33
9033,33
9034,33
9035,33
9036,33
9037,33
9038,33
9039,33
9040,33
9041,33
9042,33
9043,33
9044,33
9045,33
9046,33
9047,33
9048,33
9049,33
9050,33
9051,33
9052,33
9053,33
9054,33
9055,33
9056,33
9057,33
9058,33
9059,33
9060,33
9061,33
9062,33
9063,33
9064,33
9065,33
9066,33
9067,33
9068,33
9069,33
9070,33
9071,33
9072,33
9073,33
9074,33
9075,33
9076,33
9077,33
9078,33
9079,33
9080,33
9081,33
9082,33
9083,33
9084,33
9085,33
9086,33
9087,33
9088,33
9089,33
9090,33
9091,33
9092,33
9093,33
9094,33
9095,33
9096,33
9097,33
9098,33
9099,33
9100,33
9101,33
9102,33
9103,33
9104,33
9105,33
9106,33
9107,33
9108,33
9109,33
9110,33
9111,33
9112,33
9113,33
9114,33
9115,33
9116,33
9117,33
9118,33
9119,33
9120,33
9121,33
9122,33
9123,33
9124,33
9125,33
9126,33
9127,33
9128,33
9129,33
9130,33
9131,33
9132,33
9133,33
9134,33
9135,33
9136,33
9137,33
9138,33
9139,33
9140,33
9141,33
9142,33
9143,33
9144,33
9145,33
9146,33
9147,33
9148,33
9149,33
9150,33
9151,33
9152,33
9153,33
9154,33
9155,33
9156,33
9157,33
9158,33
9159,33
9160,33
9161,33
9162,33
9163,33
9164,33
9165,33
9166,33
9167,33
9168,33
9169,33
9170,33
9171,33
9172,33
9173,33
9174,33
9175,33
9176,33
9177,33
9178,33
9179,33
9180,33
9181,33
9182,33
9183,33
9184,33
9185,33
9186,33
9187,33
9188,33
9189,33
9190,33
9191,34
9192,34
9193,34
9194,34
9195,34
9196,34
9197,34
9198,34
9199,34
9200,34
9201,34
9202,34
9203,34
9204,34
9205,34
9206,34
9207,34
9208,34
9209,34
9210,34
9211,34
9212,34
9213,34
9214,34
9215,34
9216,34
9217,34
9218,34
9219,34
9220,34
9221,34
9222,34
9223,34
9224,34
9225,34
9226,34
9227,34
9228,34
9229,34
9230,34
9231,34
9232,34
9233,34
9234,34
9235,34
9236,34
9237,34
9238,34
9239,34
9240,34
9241,34
9242,34
9243,34
9244,34
9245,34
9246,34
9247,34
9248,34
9249,34
9250,34
9251,34
9252,34
9253,34
9254,34
9255,34
9256,34
9257,34
9258,34
9259,34
9260,34
9261,34
9262,34
9263,34
9264,34
9265,34
9266,34
9267,34
9268,34
9269,34
9270,34
9271,34
9272,34
9273,34
9274,34
9275,34
9276,34
9277,34
9278,34
9279,34
9280,34
9281,34
9282,34
9283,34
9284,34
9285,34
9286,34
9287,34
9288,34
9289,34
9290,34
9291,34
9292,34
9293,34
9294,34
9295,34
9296,34
9297,34
9298,34
9299,34
9300,34
9301,34
9302,34
9303,34
9304,34
9305,34
9306,34
9307,34
9308,34
9309,34
9310,34
9311,34
9312,34
9313,34
9314,34
9315,34
9316,34
9317,34
9318,34
9319,34
9320,34
9321,34
9322,34
9323,34
9324,34
9325,34
9326,34
9327,34
9328,34
9329,34
9330,34
9331,34
9332,34
9333,34
9334,34
9335,34
9336,34
9337,34
9338,34
9339,34
9340,34
9341,34
9342,34
9343,34
9344,34
9345,34
9346,34
9347,34
9348,34
9349,34
9350,34
9351,34
9352,34
9353,34
9354,34
9355,34
9356,34
9357,34
9358,34
9359,34
9360,34
9361,34
9362,34
9363,34
9364,34
9365,34
9366,34
9367,34
9368,34
9369,34
9370,34
9371,34
9372,34
9373,34
9374,34
9375,34
9376,34
9377,34
9378,34
9379,34
9380,34
9381,34
9382,34
9383,34
9384,34
9385,34
9386,34
9387,34
9388,34
9389,34
9390,34
9391,34
9392,34
9393,34
9394,34
9395,34
9396,34
9397,34
9398,34
9399,34
9400,34
9401,34
9402,34
9403,34
9404,34
9405,34
9406,34
9407,34
9408,34
9409,34
9410,34
9411,34
9412,34
9413,34
9414,34
9415,34
9416,34
9417,34
9418,34
9419,34
9420,34
9421,34
9422,34
9423,34
9424,34
9425,34
9426,34
9427,34
9428,34
9429,34
9430,34
9431,34
9432,34
9433,34
9434,34
9435,34
9436,34
9437,34
9438,34
9439,34
9440,34
9441,34
9442,34
9443,34
9444,34
9445,34
9446,34
9447,34
9448,34
9449,34
9450,34
9451,34
9452,34
9453,34
9454,34
9455,34
9456,34
9457,34
9458,34
9459,35
9460,35
9461,35
9462,35
9463,35
9464,35
9465,35
9466,35
9467,35
9468,35
9469,35
9470,35
9471,35
9472,35
9473,35
9474,35
9475,35
9476,35
9477,35
9478,35
9479,35
9480,35
9481,35
9482,35
9483,35
9484,35
9485,35
9486,35
9487,35
9488,35
9489,35
9490,35
9491,35
9492,35
9493,35
9494,35
9495,35
9496,35
9497,35
9498,35
9499,35
9500,35
9501,35
9502,35
9503,35
9504,35
9505,35
9506,35
9507,35
9508,35
9509,35
9510,35
9511,35
9512,35
9513,35
9514,35
9515,35
9516,35
9517,35
9518,35
9519,35
9520,35
9521,35
9522,35
9523,35
9524,35
9525,35
9526,35
9527,35
9528,35
9529,35
9530,35
9531,35
9532,35
9533,35
9534,35
9535,35
9536,35
9537,35
9538,35
9539,35
9540,35
9541,35
9542,35
9543,35
9544,35
9545,35
9546,35
9547,35
9548,35
9549,35
9550,35
9551,35
9552,35
9553,35
9554,35
9555,35
9556,35
9557,35
9558,35
9559,35
9560,35
9561,35
9562,35
9563,35
9564,35
9565,35
9566,35
9567,35
9568,35
9569,35
9570,35
9571,35
9572,35
9573,35
9574,35
9575,35
9576,35
9577,35
9578,35
9579,35
9580,35
9581,35
9582,35
9583,35
9584,35
9585,35
9586,35
9587,35
9588,35
9589,35
9590,35
9591,35
9592,35
9593,35
9594,35
9595,35
9596,35
9597,35
9598,35
9599,35
9600,35
9601,35
9602,35
9603,35
9604,35
9605,35
9606,35
9607,35
9608,35
9609,35
9610,35
9611,35
9612,35
9613,35
9614,35
9615,35
9616,35
9617,35
9618,35
9619,35
9620,35
9621,35
9622,35
9623,35
9624,35
9625,35
9626,35
9627,35
9628,35
9629,35
9630,35
9631,35
9632,35
9633,35
9634,35
9635,35
9636,35
9637,35
9638,35
9639,35
9640,35
9641,35
9642,35
9643,35
9644,35
9645,35
9646,35
9647,35
9648,35
9649,35
9650,36
9651,36
9652,36
9653,36
9654,36
9655,36
9656,36
9657,36
9658,36
9659,36
9660,36
9661,36
9662,36
9663,36
9664,36
9665,36
9666,36
9667,36
9668,36
9669,36
9670,36
9671,36
9672,36
9673,36
9674,36
9675,36
9676,36
9677,36
9678,36
9679,36
9680,36
9681,36
9682,36
9683,36
9684,36
9685,36
9686,36
9687,36
9688,36
9689,36
9690,36
9691,36
9692,36
9693,36
9694,36
9695,36
9696,36
9697,36
9698,36
9699,36
9700,36
9701,36
9702,36
9703,36
9704,36
9705,36
9706,36
9707,36
9708,36
9709,36
9710,36
9711,36
9712,36
9713,36
9714,36
9715,36
9716,36
9717,36
9718,36
9719,36
9720,36
9721,36
9722,36
9723,36
9724,36
9725,36
9726,36
9727,36
9728,36
9729,36
9730,36
9731,36
9732,36
9733,36
9734,36
9735,36
9736,36
9737,36
9738,36
9739,36
9740,36
9741,36
9742,36
9743,36
9744,36
9745,36
9746,36
9747,36
9748,36
9749,36
9750,36
9751,36
9752,36
9753,36
9754,36
9755,36
9756,36
9757,36
9758,36
9759,36
9760,36
9761,36
9762,36
9763,36
9764,36
9765,36
9766,37
9767,37
9768,37
9769,37
9770,37
9771,37
9772,37
9773,37
9774,37
9775,37
9776,37
9777,37
9778,37
9779,37
9780,37
9781,37
9782,37
9783,37
9784,37
9785,37
9786,37
9787,37
9788,37
9789,37
9790,37
9791,37
9792,37
9793,37
9794,37
9795,37
9796,37
9797,37
9798,37
9799,37
9800,37
9801,37
9802,37
9803,37
9804,37
9805,37
9806,37
9807,37
9808,37
9809,37
9810,37
9811,37
9812,37
9813,37
9814,37
9815,37
9816,37
9817,37
9818,37
9819,37
9820,37
9821,37
9822,37
9823,37
9824,37
9825,37
9826,37
9827,37
9828,37
9829,37
9830,37
9831,37
9832,37
9833,37
9834,38
9835,38
9836,38
9837,38
9838,38
9839,38
9840,38
9841,38
9842,38
9843,38
9844,38
9845,38
9846,38
9847,38
9848,38
9849,38
9850,38
9851,38
9852,38
9853,38
9854,38
9855,38
9856,38
9857,38
9858,38
9859,38
9860,38
9861,38
9862,38
9863,38
9864,38
9865,38
9866,38
9867,38
9868,38
9869,38
9870,38
9871,38
9872,38
9873,38
9874,38
9875,38
9876,38
9877,38
9878,38
9879,38
9880,38
9881,38
9882,38
9883,38
9884,38
9885,38
9886,38
9887,38
9888,38
9889,38
9890,38
9891,38
9892,38
9893,38
9894,38
9895,38
9896,38
9897,39
9898,39
9899,39
9900,39
9901,39
9902,39
9903,39
9904,39
9905,39
9906,39
9907,39
9908,39
9909,39
9910,39
9911,39
9912,39
9913,39
9914,39
9915,39
9916,39
9917,39
9918,39
9919,39
9920,39
9921,39
9922,39
9923,39
9924,39
9925,39
9926,39
9927,39
9928,39
9929,39
9930,39
9931,39
9932,39
9933,39
9934,39
9935,39
9936,40
9937,40
9938,40
9939,40
9940,40
9941,40
9942,40
9943,40
9944,40
9945,40
9946,40
9947,40
9948,40
9949,40
9950,40
9951,40
9952,40
9953,40
9954,40
9955,40
9956,40
9957,40
9958,40
9959,40
9960,40
9961,40
9962,40
9963,41
9964,41
9965,41
9966,41
9967,41
9968,41
9969,41
9970,41
9971,41
9972,41
9973,41
9974,41
9975,41
9976,41
9977,41
9978,42
9979,42
9980,42
9981,42
9982,42
9983,42
9984,42
9985,42
9986,43
9987,43
9988,43
9989,43
9990,43
9991,43
9992,43
9993,43
9994,43
9995,43
9996,44
9997,45
9998,45
9999,46
10000,48
